business_id,name,normalized_name,rating,review_count,rating_band,rating_reliability,price,price_level,price_tier,value_score,hidden_gem,shop_type,popularity_band,categories,address,address1,city,state,zip_code,latitude,longitude,phone,yelp_url,image_url
'4-toMvtZ8lUd26BAKRLi4Q,DUA DC Coffee,dua dc coffee,4.6,413,4.5-5.0,50+ reviews,$$,2,Moderate,77.87,No,Chain,High: 200-499 reviews,"Coffee & Tea, Coffee & Tea","923 15th St NW, Washington, DC 20005",923 15th St NW,"Washington, DC",DC,20005,38.90191,-77.03328,(202) 347-4404,https://www.yelp.com/biz/dua-dc-coffee-washington-3?adjust_creative=47RyEb0sp6jrPw4V0oZejg&utm_campaign=yelp_api_v3&utm_medium=api_v3_business_search&utm_source=47RyEb0sp6jrPw4V0oZejg,https://s3-media0.fl.yelpcdn.com/bphoto/fczO2OoFA5afJNQhQRs5wg/o.jpg
'WbBl1J631BmRabGIHrY1rQ,Cotti Coffee,cotti coffee,4.5,10,4.5-5.0,Under 50 reviews,Unknown,,Unknown,,No,Chain,Low: under 50 reviews,Coffee & Tea,"900 M St NW, Unit C1-C2, Washington, DC 20036",900 M St NW,"Washington, DC",DC,20036,38.90553426,-77.02418763,,https://www.yelp.com/biz/cotti-coffee-washington-2?adjust_creative=47RyEb0sp6jrPw4V0oZejg&utm_campaign=yelp_api_v3&utm_medium=api_v3_business_search&utm_source=47RyEb0sp6jrPw4V0oZejg,https://s3-media0.fl.yelpcdn.com/bphoto/eRPij8HijPgws2We3lha0w/o.jpg
'PXlhq0HAuIRs3BIbJEx7Jw,Warka Coffee,warka coffee,4.7,28,4.5-5.0,Under 50 reviews,Unknown,,Unknown,,Yes,Independent / Local,Low: under 50 reviews,"Coffee & Tea, Breakfast & Brunch, Juice Bars & Smoothies","500 New Jersey Ave NW, Washington, DC 20001",500 New Jersey Ave NW,"Washington, DC",DC,20001,38.8964652,-77.0119596,(443) 758-2038,https://www.yelp.com/biz/warka-coffee-washington?adjust_creative=47RyEb0sp6jrPw4V0oZejg&utm_campaign=yelp_api_v3&utm_medium=api_v3_business_search&utm_source=47RyEb0sp6jrPw4V0oZejg,https://s3-media0.fl.yelpcdn.com/bphoto/s-IJYoBk2BUghBY2toCbzQ/o.jpg
'1bD3CCtNbZVxbBy_4fhRBQ,Grafika Coffee,grafika coffee,5,1,4.5-5.0,Under 50 reviews,Unknown,,Unknown,,No,Independent / Local,Low: under 50 reviews,"Coffee & Tea, Pop-up Shops","Washington, DC 20036",,"Washington, DC",DC,20036,38.90751525,-77.00749431,,https://www.yelp.com/biz/grafika-coffee-washington?adjust_creative=47RyEb0sp6jrPw4V0oZejg&utm_campaign=yelp_api_v3&utm_medium=api_v3_business_search&utm_source=47RyEb0sp6jrPw4V0oZejg,https://s3-media0.fl.yelpcdn.com/bphoto/Gl2V1emU9m9XHOOo6nfoTA/o.jpg
'l4ukcYAlP-G72ESJvGikLg,Yellow,yellow,4.4,209,4.0-4.4,50+ reviews,$$,2,Moderate,73.28,No,Independent / Local,High: 200-499 reviews,"Coffee & Tea, Breakfast & Brunch, Desserts","417 Morse St NE, Washington, DC 20002",417 Morse St NE,"Washington, DC",DC,20002,38.9074553,-76.9993487,,https://www.yelp.com/biz/yellow-washington?adjust_creative=47RyEb0sp6jrPw4V0oZejg&utm_campaign=yelp_api_v3&utm_medium=api_v3_business_search&utm_source=47RyEb0sp6jrPw4V0oZejg,https://s3-media0.fl.yelpcdn.com/bphoto/OAOmsJX_oAc4ik01lW3eBw/o.jpg
'a_rDOhA5ySU5xaf8MbY0JA,Dolcezza,dolcezza,4.2,650,4.0-4.4,50+ reviews,$$,2,Moderate,72.39,No,Chain,Very high: 500+ reviews,"Coffee & Tea, Gelato","904 Palmer Aly Nw, Washington, DC 20001",904 Palmer Aly Nw,"Washington, DC",DC,20001,38.900264,-77.024192,(202) 733-2879,https://www.yelp.com/biz/dolcezza-washington-11?adjust_creative=47RyEb0sp6jrPw4V0oZejg&utm_campaign=yelp_api_v3&utm_medium=api_v3_business_search&utm_source=47RyEb0sp6jrPw4V0oZejg,https://s3-media0.fl.yelpcdn.com/bphoto/vshvrUauC9T65vWyDmrVTQ/o.jpg
'NdXX11-J_jWwD7n72LzagQ,Swings Coffee,swings coffee,4.4,146,4.0-4.4,50+ reviews,$$,2,Moderate,72.56,No,Chain,Medium: 50-199 reviews,Coffee & Tea,"640 14th St NW, Washington, DC 20005",640 14th St NW,"Washington, DC",DC,20005,38.8977603,-77.0320949,(202) 652-0188,https://www.yelp.com/biz/swings-coffee-washington?adjust_creative=47RyEb0sp6jrPw4V0oZejg&utm_campaign=yelp_api_v3&utm_medium=api_v3_business_search&utm_source=47RyEb0sp6jrPw4V0oZejg,https://s3-media0.fl.yelpcdn.com/bphoto/AavHc-LU2JU5uifkFt1bQQ/o.jpg
'AlBPgkqSu5VNYgccV0oBdg,Nino's Bakery,ninos bakery,4.8,215,4.5-5.0,50+ reviews,$$,2,Moderate,79.74,No,Independent / Local,High: 200-499 reviews,"Bakeries, Coffee & Tea, Macarons","1310 L St NW, Ste 100, Washington, DC 20005",1310 L St NW,"Washington, DC",DC,20005,38.903555,-77.030344,(202) 439-9617,https://www.yelp.com/biz/ninos-bakery-washington?adjust_creative=47RyEb0sp6jrPw4V0oZejg&utm_campaign=yelp_api_v3&utm_medium=api_v3_business_search&utm_source=47RyEb0sp6jrPw4V0oZejg,https://s3-media0.fl.yelpcdn.com/bphoto/wAzisdN2sEJHKmJL5t65uw/o.jpg
'iIbBFqDgEdFH_V1HodEt3Q,Allelo Coffee,allelo coffee,4.9,8,4.5-5.0,Under 50 reviews,Unknown,,Unknown,,No,Independent / Local,Low: under 50 reviews,Coffee & Tea,"1450 P St NW, Fl 2, Washington, DC 20005",1450 P St NW,"Washington, DC",DC,20005,38.90942927,-77.0339429,,https://www.yelp.com/biz/allelo-coffee-washington-2?adjust_creative=47RyEb0sp6jrPw4V0oZejg&utm_campaign=yelp_api_v3&utm_medium=api_v3_business_search&utm_source=47RyEb0sp6jrPw4V0oZejg,https://s3-media0.fl.yelpcdn.com/bphoto/asA5lIQRTaKCHXR-DXX24g/o.jpg
'aIAtL-tHLx1_557CSONXiw,Good Doughnuts & Cafe - Penn Quarter,good doughnuts and cafe penn quarter,4.5,65,4.5-5.0,50+ reviews,Unknown,,Unknown,,Yes,Independent / Local,Medium: 50-199 reviews,"Cafes, Donuts, Coffee & Tea","555 Pennsylvania Ave NW, Washington, DC 20001",555 Pennsylvania Ave NW,"Washington, DC",DC,20001,38.89288012,-77.01889053,(202) 516-4797,https://www.yelp.com/biz/good-doughnuts-and-cafe-penn-quarter-washington?adjust_creative=47RyEb0sp6jrPw4V0oZejg&utm_campaign=yelp_api_v3&utm_medium=api_v3_business_search&utm_source=47RyEb0sp6jrPw4V0oZejg,https://s3-media0.fl.yelpcdn.com/bphoto/51rb6Zd8NCDcAXzFNNvd2A/o.jpg
'YItzldHiPfZMpNnT0tBmcg,The Coffee Bar,the coffee bar,4.2,375,4.0-4.4,50+ reviews,$$,2,Moderate,71.27,No,Chain,High: 200-499 reviews,Coffee & Tea,"1201 S St NW, Washington, DC 20009",1201 S St NW,"Washington, DC",DC,20009,38.9143154,-77.02826991,(202) 733-1049,https://www.yelp.com/biz/the-coffee-bar-washington?adjust_creative=47RyEb0sp6jrPw4V0oZejg&utm_campaign=yelp_api_v3&utm_medium=api_v3_business_search&utm_source=47RyEb0sp6jrPw4V0oZejg,https://s3-media0.fl.yelpcdn.com/bphoto/GBDpFQ64kWg-Lf0g9ED40w/o.jpg
'EDcqUYaIOksw0Obyz0Fz6w,Unido Panama Coffee Roasters,unido panama coffee roasters,4.1,82,4.0-4.4,50+ reviews,$$,2,Moderate,66.59,No,Chain,Medium: 50-199 reviews,Coffee & Tea,"1280 4th St NE, Washington, DC 20002",1280 4th St NE,"Washington, DC",DC,20002,38.908986,-76.999617,,https://www.yelp.com/biz/unido-panama-coffee-roasters-washington-2?adjust_creative=47RyEb0sp6jrPw4V0oZejg&utm_campaign=yelp_api_v3&utm_medium=api_v3_business_search&utm_source=47RyEb0sp6jrPw4V0oZejg,https://s3-media0.fl.yelpcdn.com/bphoto/jo0qrKUKIScWj6_Sih4MDg/o.jpg
'IbClzKopEMRfGx9NQCV4cw,maman,maman,4.1,222,4.0-4.4,50+ reviews,$$,2,Moderate,68.61,No,Chain,High: 200-499 reviews,"Coffee & Tea, Breakfast & Brunch, Bakeries","750 9th St NW, Ste 101, Washington, DC 20036",750 9th St NW,"Washington, DC",DC,20036,38.8994272,-77.02447725,(202) 516-4666,https://www.yelp.com/biz/maman-washington-3?adjust_creative=47RyEb0sp6jrPw4V0oZejg&utm_campaign=yelp_api_v3&utm_medium=api_v3_business_search&utm_source=47RyEb0sp6jrPw4V0oZejg,https://s3-media0.fl.yelpcdn.com/bphoto/5UMDOURboToJ5cthFRsnWA/o.jpg
'X10HlZuSDXOQxiQJQyqFIQ,Cool Coffee,cool coffee,4.8,33,4.5-5.0,Under 50 reviews,Unknown,,Unknown,,Yes,Independent / Local,Low: under 50 reviews,Coffee & Tea,"3901 12th St NE, Washington, DC 20017",3901 12th St NE,"Washington, DC",DC,20017,38.93740867,-76.99038405,,https://www.yelp.com/biz/cool-coffee-washington?adjust_creative=47RyEb0sp6jrPw4V0oZejg&utm_campaign=yelp_api_v3&utm_medium=api_v3_business_search&utm_source=47RyEb0sp6jrPw4V0oZejg,https://s3-media0.fl.yelpcdn.com/bphoto/I72pjKR_W9alLg201FfiJg/o.jpg
'UFjbGG5nINRK91IIWZ_Ceg,Slipstream,slipstream,3.8,621,3.5-3.9,50+ reviews,$$,2,Moderate,65.89,No,Chain,Very high: 500+ reviews,"Coffee & Tea, Cocktail Bars","1333 14th St NW, Washington, DC 20005",1333 14th St NW,"Washington, DC",DC,20005,38.90987958,-77.03157736,(202) 450-2216,https://www.yelp.com/biz/slipstream-washington?adjust_creative=47RyEb0sp6jrPw4V0oZejg&utm_campaign=yelp_api_v3&utm_medium=api_v3_business_search&utm_source=47RyEb0sp6jrPw4V0oZejg,https://s3-media0.fl.yelpcdn.com/bphoto/jkbghzGHCgksUTtLRrjoaw/o.jpg
'Es64Je53efmpWh-BXHjguQ,Baked & Wired,baked and wired,4.4,5350,4.0-4.4,50+ reviews,$$,2,Moderate,79.88,No,Independent / Local,Very high: 500+ reviews,"Bakeries, Coffee & Tea, Cupcakes","1052 Thomas Jefferson St NW, Washington, DC 20007",1052 Thomas Jefferson St NW,"Washington, DC",DC,20007,38.90391285,-77.06024778,(703) 663-8727,https://www.yelp.com/biz/baked-and-wired-washington?adjust_creative=47RyEb0sp6jrPw4V0oZejg&utm_campaign=yelp_api_v3&utm_medium=api_v3_business_search&utm_source=47RyEb0sp6jrPw4V0oZejg,https://s3-media0.fl.yelpcdn.com/bphoto/ToMCaJaIjFKwjZ3t0G-x7A/o.jpg
'zVETA8_sJrcBPu0Q1wmUtQ,Youebe Cafe,youebe cafe,4.7,25,4.5-5.0,Under 50 reviews,Unknown,,Unknown,,Yes,Independent / Local,Low: under 50 reviews,"Coffee & Tea, Breakfast & Brunch, Salad","3500 14th St NW, Washington, DC 20010",3500 14th St NW,"Washington, DC",DC,20010,38.93487648,-77.033013,(202) 507-8148,https://www.yelp.com/biz/youebe-cafe-washington?adjust_creative=47RyEb0sp6jrPw4V0oZejg&utm_campaign=yelp_api_v3&utm_medium=api_v3_business_search&utm_source=47RyEb0sp6jrPw4V0oZejg,https://s3-media0.fl.yelpcdn.com/bphoto/j1INJxJrCYRzwtUUqY4GKA/o.jpg
'2fMyvwzjbJ6wM3V-ckfaJA,Tous Les Jours,tous les jours,4.5,29,4.5-5.0,Under 50 reviews,Unknown,,Unknown,,Yes,Chain,Low: under 50 reviews,"Coffee & Tea, Bakeries, Desserts","550 Morse St NE, Ste 130, Washington, DC 20002",550 Morse St NE,"Washington, DC",DC,20002,38.907282,-76.998243,(227) 284-1305,https://www.yelp.com/biz/tous-les-jours-washington-2?adjust_creative=47RyEb0sp6jrPw4V0oZejg&utm_campaign=yelp_api_v3&utm_medium=api_v3_business_search&utm_source=47RyEb0sp6jrPw4V0oZejg,https://s3-media0.fl.yelpcdn.com/bphoto/h5G4EsL45NnMqOpZRhlMoA/o.jpg
'dwdOvTaaxjjoaFrx7IeQaw,The Ministry,the ministry,4.3,134,4.0-4.4,50+ reviews,$$,2,Moderate,70.79,No,Independent / Local,Medium: 50-199 reviews,"Coffee & Tea, Wine Bars, Bakeries, Coffee & Tea, Wine Bars, Bakeries","601 New Jersey Ave NW, Washington, DC 20001",601 New Jersey Ave NW,"Washington, DC",DC,20001,38.8978502,-77.011664,(202) 813-3951,https://www.yelp.com/biz/the-ministry-washington-2?adjust_creative=47RyEb0sp6jrPw4V0oZejg&utm_campaign=yelp_api_v3&utm_medium=api_v3_business_search&utm_source=47RyEb0sp6jrPw4V0oZejg,https://s3-media0.fl.yelpcdn.com/bphoto/gfyJLjYCQbJZ_Ba51UaiHQ/o.jpg
'OXc3s2BP0hLoX_ju3ORuPQ,Simona cafe,simona cafe,4.1,63,4.0-4.4,50+ reviews,Unknown,,Unknown,,No,Chain,Medium: 50-199 reviews,"Coffee & Tea, Bakeries, Breakfast & Brunch","35 N St NE, Washington, DC 20002",35 N St NE,"Washington, DC",DC,20002,38.90702,-77.0076,(202) 817-3969,https://www.yelp.com/biz/simona-cafe-washington-5?adjust_creative=47RyEb0sp6jrPw4V0oZejg&utm_campaign=yelp_api_v3&utm_medium=api_v3_business_search&utm_source=47RyEb0sp6jrPw4V0oZejg,https://s3-media0.fl.yelpcdn.com/bphoto/fjX1MJH-__hPeBG2t2ryUg/o.jpg
'9YBiqRds8JDE1Ms6NDZa-A,La Colombe,la colombe,4.1,327,4.0-4.4,50+ reviews,$$,2,Moderate,69.39,No,Chain,High: 200-499 reviews,Coffee & Tea,"900 6th St NW, Washington, DC 20001",900 6th St NW,"Washington, DC",DC,20001,38.90105057,-77.02010345,(202) 795-7909,https://www.yelp.com/biz/la-colombe-washington-9?adjust_creative=47RyEb0sp6jrPw4V0oZejg&utm_campaign=yelp_api_v3&utm_medium=api_v3_business_search&utm_source=47RyEb0sp6jrPw4V0oZejg,https://s3-media0.fl.yelpcdn.com/bphoto/FDBEoyIR0tk5v05TIbs3FQ/o.jpg
'NcmjENoGfQFPuBJBxVhR1g,Lavazza,lavazza,3.9,28,3.5-3.9,Under 50 reviews,Unknown,,Unknown,,No,Chain,Low: under 50 reviews,"Creperies, Coffee & Tea, Gelato","2302 Wisconsin Ave NW, Washington, DC 20007",2302 Wisconsin Ave NW,"Washington, DC",DC,20007,38.9202,-77.07177,,https://www.yelp.com/biz/lavazza-washington?adjust_creative=47RyEb0sp6jrPw4V0oZejg&utm_campaign=yelp_api_v3&utm_medium=api_v3_business_search&utm_source=47RyEb0sp6jrPw4V0oZejg,https://s3-media0.fl.yelpcdn.com/bphoto/S4kVToStWBfgX-RkaHlmhw/o.jpg
'MXevZNlkpEASkR3G5wDi_Q,Ebenezers Coffeehouse,ebenezers coffeehouse,4.1,613,4.0-4.4,50+ reviews,$$,2,Moderate,70.67,No,Independent / Local,Very high: 500+ reviews,Coffee & Tea,"201 F St NE, Washington, DC 20002",201 F St NE,"Washington, DC",DC,20002,38.89712871,-77.00328581,(202) 558-6900,https://www.yelp.com/biz/ebenezers-coffeehouse-washington?adjust_creative=47RyEb0sp6jrPw4V0oZejg&utm_campaign=yelp_api_v3&utm_medium=api_v3_business_search&utm_source=47RyEb0sp6jrPw4V0oZejg,https://s3-media0.fl.yelpcdn.com/bphoto/Vu2BZOqQVl9BzeSwVHHnXw/o.jpg
'M1MD7m94ACx3EiDmzzDRFQ,Aslin Coffee,aslin coffee,4,22,4.0-4.4,Under 50 reviews,Unknown,,Unknown,,No,Independent / Local,Low: under 50 reviews,Coffee & Tea,"1740 14th St NW, Washington, DC 20009",1740 14th St NW,"Washington, DC",DC,20009,38.91392,-77.03255,(202) 290-1516,https://www.yelp.com/biz/aslin-coffee-washington?adjust_creative=47RyEb0sp6jrPw4V0oZejg&utm_campaign=yelp_api_v3&utm_medium=api_v3_business_search&utm_source=47RyEb0sp6jrPw4V0oZejg,https://s3-media0.fl.yelpcdn.com/bphoto/rrAbT1A08UXBm3AzUgKFFQ/o.jpg
'rrCYeba9B2HeIOxJ37YvAw,La Colombe,la colombe,4.3,565,4.0-4.4,50+ reviews,$$,2,Moderate,73.7,No,Chain,Very high: 500+ reviews,"Coffee & Tea, Desserts, Breakfast & Brunch","924 Rear N St NW, Washington, DC 20001",924 Rear N St NW,"Washington, DC",DC,20001,38.90695,-77.02492,(202) 289-4850,https://www.yelp.com/biz/la-colombe-washington-8?adjust_creative=47RyEb0sp6jrPw4V0oZejg&utm_campaign=yelp_api_v3&utm_medium=api_v3_business_search&utm_source=47RyEb0sp6jrPw4V0oZejg,https://s3-media0.fl.yelpcdn.com/bphoto/sdmYjKg36Q9sSUFYoNqYFw/o.jpg
'6AOuv4-W8gke8jjqro8eeQ,Tatte Bakery & Cafe | DC Catering,tatte bakery and cafe dc catering,4.2,468,4.0-4.4,50+ reviews,$$,2,Moderate,71.72,No,Chain,High: 200-499 reviews,"Coffee & Tea, Breakfast & Brunch, Bakeries","1090 I St NW, Washington, DC 20001",1090 I St NW,"Washington, DC",DC,20001,38.9006499,-77.0267439,(617) 945-1205,https://www.yelp.com/biz/tatte-bakery-and-cafe-washington-5?adjust_creative=47RyEb0sp6jrPw4V0oZejg&utm_campaign=yelp_api_v3&utm_medium=api_v3_business_search&utm_source=47RyEb0sp6jrPw4V0oZejg,https://s3-media0.fl.yelpcdn.com/bphoto/zRe2R7kpccUU2eNt2Mdocg/o.jpg
'0vZNEMGn9f9PXd9nhNRlbA,Doubles,doubles,4.5,225,4.5-5.0,50+ reviews,$,1,Budget,83.03,No,Independent / Local,High: 200-499 reviews,"Coffee & Tea, Cafes, Bars","3118 Georgia Ave NW, Washington, DC 20010",3118 Georgia Ave NW,"Washington, DC",DC,20010,38.92960295,-77.02356096,(202) 722-7202,https://www.yelp.com/biz/doubles-washington?adjust_creative=47RyEb0sp6jrPw4V0oZejg&utm_campaign=yelp_api_v3&utm_medium=api_v3_business_search&utm_source=47RyEb0sp6jrPw4V0oZejg,https://s3-media0.fl.yelpcdn.com/bphoto/p3olcEsj6g_w_AdFyk55qQ/o.jpg
'9XarsINQKLLJZ9ycVx6uGw,For Five Coffee Roasters,for five coffee roasters,3.9,63,3.5-3.9,50+ reviews,$$,2,Moderate,62.87,No,Chain,Medium: 50-199 reviews,"Coffee Roasteries, Coffee & Tea, Breakfast & Brunch","901 K St NW, Washington, DC 20001",901 K St NW,"Washington, DC",DC,20001,38.90278845,-77.02548093,,https://www.yelp.com/biz/for-five-coffee-roasters-washington-8?adjust_creative=47RyEb0sp6jrPw4V0oZejg&utm_campaign=yelp_api_v3&utm_medium=api_v3_business_search&utm_source=47RyEb0sp6jrPw4V0oZejg,https://s3-media0.fl.yelpcdn.com/bphoto/t0S7FoyYZOg4TOAKIiITLA/o.jpg
'UKAagcQSoG8aH0JP8nHcOg,The Royal,the royal,4.2,443,4.0-4.4,50+ reviews,$$,2,Moderate,71.61,No,Independent / Local,High: 200-499 reviews,"Coffee & Tea, Latin American, Cocktail Bars","501 Florida Ave NW, Washington, DC 20001",501 Florida Ave NW,"Washington, DC",DC,20001,38.91504288,-77.01857758,(202) 332-7777,https://www.yelp.com/biz/the-royal-washington-2?adjust_creative=47RyEb0sp6jrPw4V0oZejg&utm_campaign=yelp_api_v3&utm_medium=api_v3_business_search&utm_source=47RyEb0sp6jrPw4V0oZejg,https://s3-media0.fl.yelpcdn.com/bphoto/aWfHOGj4Dhv88BL-YHcLXg/o.jpg
'JJx94d7m-1_42rKooHdTTQ,Civic On Eighth,civic on eighth,4.6,30,4.5-5.0,Under 50 reviews,Unknown,,Unknown,,Yes,Independent / Local,Low: under 50 reviews,"Cocktail Bars, Coffee & Tea","501 8th St SE, Washington, DC 20003",501 8th St SE,"Washington, DC",DC,20003,38.88260274,-76.9952687,,https://www.yelp.com/biz/civic-on-eighth-washington?adjust_creative=47RyEb0sp6jrPw4V0oZejg&utm_campaign=yelp_api_v3&utm_medium=api_v3_business_search&utm_source=47RyEb0sp6jrPw4V0oZejg,https://s3-media0.fl.yelpcdn.com/bphoto/qVLCV_LwxL8ceTszgpxVaA/o.jpg
'f6SnScIxTjr5ggd32ZfL5A,Little Hat Coffee,little hat coffee,4.7,53,4.5-5.0,50+ reviews,Unknown,,Unknown,,Yes,Independent / Local,Medium: 50-199 reviews,"Coffee & Tea, Breakfast & Brunch, Pop-Up Restaurants","2400 14th St NW, Washington, DC 20009",2400 14th St NW,"Washington, DC",DC,20009,38.92076,-77.03209,,https://www.yelp.com/biz/little-hat-coffee-washington-2?adjust_creative=47RyEb0sp6jrPw4V0oZejg&utm_campaign=yelp_api_v3&utm_medium=api_v3_business_search&utm_source=47RyEb0sp6jrPw4V0oZejg,https://s3-media0.fl.yelpcdn.com/bphoto/pWYVZyBmGHSY3lGA2nH0wA/o.jpg
'-NXX5IAMlIP3yRIAyStVJg,DRiP Cà Phê,drip ca phe,4.5,178,4.5-5.0,50+ reviews,$$,2,Moderate,74.56,No,Independent / Local,Medium: 50-199 reviews,Coffee & Tea,"4230 Annandale Rd, Ste 160, Annandale, VA 22003",4230 Annandale Rd,Annandale,VA,22003,38.83131982,-77.19717615,,https://www.yelp.com/biz/drip-c%C3%A0-ph%C3%AA-annandale?adjust_creative=47RyEb0sp6jrPw4V0oZejg&utm_campaign=yelp_api_v3&utm_medium=api_v3_business_search&utm_source=47RyEb0sp6jrPw4V0oZejg,https://s3-media0.fl.yelpcdn.com/bphoto/xoYpY53W6QqtHONY6XVgCw/o.jpg
'hoRmiid97eZ3dj3zcNWqFw,Slipstream,slipstream,4.3,21,4.0-4.4,Under 50 reviews,Unknown,,Unknown,,No,Chain,Low: under 50 reviews,Coffee & Tea,"1210 I St NW, Washington, DC 20005",1210 I St NW,"Washington, DC",DC,20005,38.90128229,-77.02877982,,https://www.yelp.com/biz/slipstream-washington-7?adjust_creative=47RyEb0sp6jrPw4V0oZejg&utm_campaign=yelp_api_v3&utm_medium=api_v3_business_search&utm_source=47RyEb0sp6jrPw4V0oZejg,https://s3-media0.fl.yelpcdn.com/bphoto/rLF-obl-4kMELPrFCgHbjQ/o.jpg
'pSYCI8MwR-1W7xjAGJDgUQ,Pluma By Bluebird Bakery,pluma by bluebird bakery,4.3,239,4.0-4.4,50+ reviews,$$,2,Moderate,71.96,No,Chain,High: 200-499 reviews,"Bakeries, Coffee & Tea","391 Morse St NE, Washington, DC 20002",391 Morse St NE,"Washington, DC",DC,20002,38.9079776,-77.00036339,,https://www.yelp.com/biz/pluma-by-bluebird-bakery-washington-2?adjust_creative=47RyEb0sp6jrPw4V0oZejg&utm_campaign=yelp_api_v3&utm_medium=api_v3_business_search&utm_source=47RyEb0sp6jrPw4V0oZejg,https://s3-media0.fl.yelpcdn.com/bphoto/_pz3H8spWdSCp2zQFf00nA/o.jpg
'Ne6zAVweeVO8Wl9oFDqKSA,Three Fifty Bakery and Coffee Bar,three fifty bakery and coffee bar,4.5,376,4.5-5.0,50+ reviews,$$,2,Moderate,76.08,No,Independent / Local,High: 200-499 reviews,"Desserts, Bakeries, Coffee & Tea","1641 R St NW, Ste B, Washington, DC 20009",1641 R St NW,"Washington, DC",DC,20009,38.91275337,-77.0382126,(202) 629-1022,https://www.yelp.com/biz/three-fifty-bakery-and-coffee-bar-washington?adjust_creative=47RyEb0sp6jrPw4V0oZejg&utm_campaign=yelp_api_v3&utm_medium=api_v3_business_search&utm_source=47RyEb0sp6jrPw4V0oZejg,https://s3-media0.fl.yelpcdn.com/bphoto/jN32g7ACEozuYeYfyuh1bQ/o.jpg
'qrTvx18xrMNUR3QUjdraxQ,Tatte Bakery & Cafe | Capitol Crossing,tatte bakery and cafe capitol crossing,4,267,4.0-4.4,50+ reviews,$$,2,Moderate,67.38,No,Chain,High: 200-499 reviews,"Breakfast & Brunch, Bakeries, Coffee & Tea","250 Massachusetts Ave NW, Washington, DC 20001",250 Massachusetts Ave NW,"Washington, DC",DC,20001,38.89926371,-77.01469719,(202) 733-2387,https://www.yelp.com/biz/tatte-bakery-and-cafe-washington-4?adjust_creative=47RyEb0sp6jrPw4V0oZejg&utm_campaign=yelp_api_v3&utm_medium=api_v3_business_search&utm_source=47RyEb0sp6jrPw4V0oZejg,https://s3-media0.fl.yelpcdn.com/bphoto/vg77UaxkguqnOqkKgu2gCw/o.jpg
'rdoFOY-u_CjcFaheVfVQ9Q,Lapop,lapop,4.1,46,4.0-4.4,Under 50 reviews,$$,2,Moderate,65.44,No,Independent / Local,Low: under 50 reviews,"Coffee & Tea, Cultural Center, Cocktail Bars","1847 Columbia Rd NW, Washington, DC 20000",1847 Columbia Rd NW,"Washington, DC",DC,20000,38.92132932,-77.04383458,(202) 999-6216,https://www.yelp.com/biz/lapop-washington-2?adjust_creative=47RyEb0sp6jrPw4V0oZejg&utm_campaign=yelp_api_v3&utm_medium=api_v3_business_search&utm_source=47RyEb0sp6jrPw4V0oZejg,https://s3-media0.fl.yelpcdn.com/bphoto/XHtRlbt_b8ezD-AZ6zt18Q/o.jpg
'7LYMDZmUMUqPvetrtyUbFw,La Coop Coffee,la coop coffee,4,21,4.0-4.4,Under 50 reviews,Unknown,,Unknown,,No,Independent / Local,Low: under 50 reviews,Coffee & Tea,"500 Kennedy St NW, Washington, DC 20011",500 Kennedy St NW,"Washington, DC",DC,20011,38.95624185,-77.0200796,(202) 921-9202,https://www.yelp.com/biz/la-coop-coffee-washington-3?adjust_creative=47RyEb0sp6jrPw4V0oZejg&utm_campaign=yelp_api_v3&utm_medium=api_v3_business_search&utm_source=47RyEb0sp6jrPw4V0oZejg,https://s3-media0.fl.yelpcdn.com/bphoto/a0D-ztnaqTZ4CraTFrwvsA/o.jpg
'bhDQ1KwyISFOrpTcLVLP9w,Three Whistles,three whistles,4.7,6,4.5-5.0,Under 50 reviews,Unknown,,Unknown,,No,Independent / Local,Low: under 50 reviews,"Coffee & Tea, Shared Office Spaces, Bagels","5832 Georgia Ave NW, Ste C1, Washington, DC 20011",5832 Georgia Ave NW,"Washington, DC",DC,20011,38.9609396,-77.0284726,,https://www.yelp.com/biz/three-whistles-washington?adjust_creative=47RyEb0sp6jrPw4V0oZejg&utm_campaign=yelp_api_v3&utm_medium=api_v3_business_search&utm_source=47RyEb0sp6jrPw4V0oZejg,https://s3-media0.fl.yelpcdn.com/bphoto/8J9GZ0cnjvGjjYBx-vb59w/o.jpg
'5oj3up-19mcuqQwfTfujow,Black Crown Collective,black crown collective,4.8,10,4.5-5.0,Under 50 reviews,Unknown,,Unknown,,No,Independent / Local,Low: under 50 reviews,Coffee & Tea,"27 Independence Ave SE, 220 Cannon Fl 2, Washington, DC 20515",27 Independence Ave SE,"Washington, DC",DC,20515,38.88619654,-77.00699916,,https://www.yelp.com/biz/black-crown-collective-washington?adjust_creative=47RyEb0sp6jrPw4V0oZejg&utm_campaign=yelp_api_v3&utm_medium=api_v3_business_search&utm_source=47RyEb0sp6jrPw4V0oZejg,https://s3-media0.fl.yelpcdn.com/bphoto/A0fbEHt-o0_gqZye5eGX1w/o.jpg
'scocIBRq5UGTVBYpU3bQTw,Gregorys Coffee,gregorys coffee,3.8,162,3.5-3.9,50+ reviews,$$,2,Moderate,63.17,No,Chain,Medium: 50-199 reviews,"Coffee & Tea, Bakeries","443 7th St NW, Washington, DC 20004",443 7th St NW,"Washington, DC",DC,20004,38.8959499,-77.0217798,(877) 220-2286,https://www.yelp.com/biz/gregorys-coffee-washington-12?adjust_creative=47RyEb0sp6jrPw4V0oZejg&utm_campaign=yelp_api_v3&utm_medium=api_v3_business_search&utm_source=47RyEb0sp6jrPw4V0oZejg,https://s3-media0.fl.yelpcdn.com/bphoto/N0z79QVJgX6F2Kc6cglKFQ/o.jpg
'PKcdA7xOfqcbkPovvykEwg,Cafe Joy,cafe joy,4.8,11,4.5-5.0,Under 50 reviews,Unknown,,Unknown,,No,Independent / Local,Low: under 50 reviews,"Coffee & Tea, Sandwiches, Desserts","906 P St NW, Washington, DC 20001",906 P St NW,"Washington, DC",DC,20001,38.9095,-77.02431,(202) 525-2922,https://www.yelp.com/biz/cafe-joy-washington?adjust_creative=47RyEb0sp6jrPw4V0oZejg&utm_campaign=yelp_api_v3&utm_medium=api_v3_business_search&utm_source=47RyEb0sp6jrPw4V0oZejg,https://s3-media0.fl.yelpcdn.com/bphoto/HV_bBIz-9jjb8hsF9H-0rw/o.jpg
'PBTrlS5QBLkI_V4xY9bvZw,Blank Street Coffee,blank street coffee,3.5,70,3.5-3.9,50+ reviews,Unknown,,Unknown,,No,Chain,Medium: 50-199 reviews,Coffee & Tea,"2121 M St NW, Washington, DC 20037",2121 M St NW,"Washington, DC",DC,20037,38.905507,-77.04817,,https://www.yelp.com/biz/blank-street-coffee-washington-3?adjust_creative=47RyEb0sp6jrPw4V0oZejg&utm_campaign=yelp_api_v3&utm_medium=api_v3_business_search&utm_source=47RyEb0sp6jrPw4V0oZejg,https://s3-media0.fl.yelpcdn.com/bphoto/6HqJPPCcpn-AwZvoxZiqnw/o.jpg
'4keayJ0UdauJ22FTn9pJpw,Prim's Cafe,prims cafe,4.5,11,4.5-5.0,Under 50 reviews,Unknown,,Unknown,,No,Independent / Local,Low: under 50 reviews,"Coffee & Tea, Bakeries, Desserts","1847 7th St NW, Washington, DC 20001",1847 7th St NW,"Washington, DC",DC,20001,38.91522,-77.02172,(202) 805-5913,https://www.yelp.com/biz/prims-cafe-washington?adjust_creative=47RyEb0sp6jrPw4V0oZejg&utm_campaign=yelp_api_v3&utm_medium=api_v3_business_search&utm_source=47RyEb0sp6jrPw4V0oZejg,https://s3-media0.fl.yelpcdn.com/bphoto/U9GEHnjd87xC7yTZ9Bb2Tw/o.jpg
'QrU-5UGZjTQIj420eNZsWw,Colada Shop,colada shop,4,634,4.0-4.4,50+ reviews,$$,2,Moderate,69.14,No,Chain,Very high: 500+ reviews,"Coffee & Tea, Cocktail Bars, Sandwiches","1405 T St NW, Washington, DC 20009",1405 T St NW,"Washington, DC",DC,20009,38.91573591,-77.03239453,(202) 931-4947,https://www.yelp.com/biz/colada-shop-washington?adjust_creative=47RyEb0sp6jrPw4V0oZejg&utm_campaign=yelp_api_v3&utm_medium=api_v3_business_search&utm_source=47RyEb0sp6jrPw4V0oZejg,https://s3-media0.fl.yelpcdn.com/bphoto/6Fj7-q3XFA9rkuHKf1a1Xw/o.jpg
'pAlhiCHkrqll97LSC7CtMA,Blue Bottle Coffee - Midtown Center,blue bottle coffee midtown center,4.3,47,4.0-4.4,Under 50 reviews,Unknown,,Unknown,,No,Chain,Low: under 50 reviews,Coffee & Tea,"1100 15th St NW, Ste 6, Washington, DC 20005",1100 15th St NW,"Washington, DC",DC,20005,38.90427135,-77.03477091,(510) 653-3394,https://www.yelp.com/biz/blue-bottle-coffee-midtown-center-washington-3?adjust_creative=47RyEb0sp6jrPw4V0oZejg&utm_campaign=yelp_api_v3&utm_medium=api_v3_business_search&utm_source=47RyEb0sp6jrPw4V0oZejg,https://s3-media0.fl.yelpcdn.com/bphoto/N0E23K_H8KHYC-XMBXE9_Q/o.jpg
'ceafVsi9pvBc2sp3Pc_S3g,Creative Grounds DC,creative grounds dc,4.7,98,4.5-5.0,50+ reviews,Unknown,,Unknown,,Yes,Independent / Local,Medium: 50-199 reviews,"Art Classes, Coffee & Tea","1822 North Capitol St Nw Washington Dc 20002, Washington, DC 20002",1822 North Capitol St Nw Washington Dc 20002,"Washington, DC",DC,20002,38.91471,-77.00945,(202) 730-2979,https://www.yelp.com/biz/creative-grounds-dc-washington?adjust_creative=47RyEb0sp6jrPw4V0oZejg&utm_campaign=yelp_api_v3&utm_medium=api_v3_business_search&utm_source=47RyEb0sp6jrPw4V0oZejg,https://s3-media0.fl.yelpcdn.com/bphoto/UEv_V87gxl6T1D5nHUH_Mw/o.jpg
'-BC5nMSlMV8w0p7zWBMnLg,Urban Roast,urban roast,3.3,1048,Below 3.5,50+ reviews,$$,2,Moderate,58.96,No,Independent / Local,Very high: 500+ reviews,"Coffee & Tea, Breakfast & Brunch, Bars","916 G St NW, Ste C-2, Washington, DC 20001",916 G St NW,"Washington, DC",DC,20001,38.89800507,-77.024916,(771) 333-5051,https://www.yelp.com/biz/urban-roast-washington?adjust_creative=47RyEb0sp6jrPw4V0oZejg&utm_campaign=yelp_api_v3&utm_medium=api_v3_business_search&utm_source=47RyEb0sp6jrPw4V0oZejg,https://s3-media0.fl.yelpcdn.com/bphoto/fXsYCgyjTU2u_ErGs9pvPQ/o.jpg
'GkiVviskpNQsCfU5HR_y1g,Midnight Mug,midnight mug,3.5,6,3.5-3.9,Under 50 reviews,$$,2,Moderate,51.96,No,Independent / Local,Low: under 50 reviews,Coffee & Tea,"3700 O St NW, Washington, DC 20057",3700 O St NW,"Washington, DC",DC,20057,38.9062348,-77.07207409,(202) 687-0100,https://www.yelp.com/biz/midnight-mug-washington?adjust_creative=47RyEb0sp6jrPw4V0oZejg&utm_campaign=yelp_api_v3&utm_medium=api_v3_business_search&utm_source=47RyEb0sp6jrPw4V0oZejg,https://s3-media0.fl.yelpcdn.com/bphoto/u5uHBJpDTxKOXZ_OGEmjmg/o.jpg
'_WxNQeKwlFKTpQ93k8gLnQ,Soleluna,soleluna,4.6,175,4.5-5.0,50+ reviews,Unknown,,Unknown,,No,Independent / Local,Medium: 50-199 reviews,"Bakeries, Coffee & Tea","1789 Columbia Rd NW, Washington, DC 20009",1789 Columbia Rd NW,"Washington, DC",DC,20009,38.92311455,-77.0423368,,https://www.yelp.com/biz/soleluna-washington?adjust_creative=47RyEb0sp6jrPw4V0oZejg&utm_campaign=yelp_api_v3&utm_medium=api_v3_business_search&utm_source=47RyEb0sp6jrPw4V0oZejg,https://s3-media0.fl.yelpcdn.com/bphoto/YTwrvCPOaP3tn2FDYeP0dg/o.jpg
'GIgPMcJsuUwIbXrGm-VBXg,Peregrine Espresso,peregrine espresso,4,119,4.0-4.4,50+ reviews,$,1,Budget,73.75,No,Chain,Medium: 50-199 reviews,Coffee & Tea,"1309 5th St NE, Washington, DC 20002",1309 5th St NE,"Washington, DC",DC,20002,38.9087806,-76.9979685,(202) 543-5459,https://www.yelp.com/biz/peregrine-espresso-washington-5?adjust_creative=47RyEb0sp6jrPw4V0oZejg&utm_campaign=yelp_api_v3&utm_medium=api_v3_business_search&utm_source=47RyEb0sp6jrPw4V0oZejg,https://s3-media0.fl.yelpcdn.com/bphoto/r1O4lV4M5Bi7qf2wXxzYDQ/o.jpg
'BM1cqBWyKhUITejS6LzSzA,Unido,unido,4,55,4.0-4.4,50+ reviews,Unknown,,Unknown,,No,Chain,Medium: 50-199 reviews,"Coffee Roasteries, Coffee & Tea","908 W St NW, Washington, DC 20001",908 W St NW,"Washington, DC",DC,20001,38.91909707,-77.024541,(828) 779-3822,https://www.yelp.com/biz/unido-washington?adjust_creative=47RyEb0sp6jrPw4V0oZejg&utm_campaign=yelp_api_v3&utm_medium=api_v3_business_search&utm_source=47RyEb0sp6jrPw4V0oZejg,https://s3-media0.fl.yelpcdn.com/bphoto/smof9HIUQ8sdznN9gjzGtw/o.jpg
'KUnaHw4uVAarHnM5F06YHQ,Tatte Bakery & Cafe | Farragut Square,tatte bakery and cafe farragut square,4.2,151,4.0-4.4,50+ reviews,$$,2,Moderate,69.43,No,Chain,Medium: 50-199 reviews,"Coffee & Tea, Bakeries, Cafes","1634 I St NW, Washington, DC 20006",1634 I St NW,"Washington, DC",DC,20006,38.90124763,-77.03886612,(202) 984-7077,https://www.yelp.com/biz/tatte-bakery-and-cafe-washington-9?adjust_creative=47RyEb0sp6jrPw4V0oZejg&utm_campaign=yelp_api_v3&utm_medium=api_v3_business_search&utm_source=47RyEb0sp6jrPw4V0oZejg,https://s3-media0.fl.yelpcdn.com/bphoto/firvp-oIg4Ld2Jo85_MH2Q/o.jpg
'ADF7xgqyzBvUzEnXlZHAOA,Sidamo Coffee and Tea,sidamo coffee and tea,4.3,541,4.0-4.4,50+ reviews,$,1,Budget,81.61,No,Independent / Local,Very high: 500+ reviews,"Coffee & Tea, Breakfast & Brunch, Sandwiches","417 H St NE, Washington, DC 20002",417 H St NE,"Washington, DC",DC,20002,38.90002,-76.99991,(202) 548-0081,https://www.yelp.com/biz/sidamo-coffee-and-tea-washington?adjust_creative=47RyEb0sp6jrPw4V0oZejg&utm_campaign=yelp_api_v3&utm_medium=api_v3_business_search&utm_source=47RyEb0sp6jrPw4V0oZejg,https://s3-media0.fl.yelpcdn.com/bphoto/UYOVaCFr5rz9XHSrm5L7Wg/o.jpg
'WVWCWl-wpAg062HE297pog,Nothing Fancy,nothing fancy,4.4,19,4.0-4.4,Under 50 reviews,Unknown,,Unknown,,No,Independent / Local,Low: under 50 reviews,Coffee & Tea,"715 8th St SE, Washington, DC 20003",715 8th St SE,"Washington, DC",DC,20003,38.88072035,-76.9951997,,https://www.yelp.com/biz/nothing-fancy-washington?adjust_creative=47RyEb0sp6jrPw4V0oZejg&utm_campaign=yelp_api_v3&utm_medium=api_v3_business_search&utm_source=47RyEb0sp6jrPw4V0oZejg,https://s3-media0.fl.yelpcdn.com/bphoto/gzhdH7dIJ9mBU_JgD1iTJA/o.jpg
'Ka1eFrfduPiWKuO9YR-gnw,Flor,flor,4.2,59,4.0-4.4,50+ reviews,Unknown,,Unknown,,No,Independent / Local,Medium: 50-199 reviews,"Coffee & Tea, Salad, Empanadas","1220 31st St NW, Washington, DC 20007",1220 31st St NW,"Washington, DC",DC,20007,38.90578892,-77.0613687,(202) 819-4926,https://www.yelp.com/biz/flor-washington-3?adjust_creative=47RyEb0sp6jrPw4V0oZejg&utm_campaign=yelp_api_v3&utm_medium=api_v3_business_search&utm_source=47RyEb0sp6jrPw4V0oZejg,https://s3-media0.fl.yelpcdn.com/bphoto/C_Ql4BrTSB6XYhnXJr0y_Q/o.jpg
'bvr7_jM4aO_IwxaX62zxUQ,Spark Social House,spark social house,4.6,19,4.5-5.0,Under 50 reviews,Unknown,,Unknown,,No,Independent / Local,Low: under 50 reviews,"Coffee & Tea, Breakfast & Brunch, Cocktail Bars","2009 14th St NW, Washington, DC 20009",2009 14th St NW,"Washington, DC",DC,20009,38.91738,-77.03164,,https://www.yelp.com/biz/spark-social-house-washington?adjust_creative=47RyEb0sp6jrPw4V0oZejg&utm_campaign=yelp_api_v3&utm_medium=api_v3_business_search&utm_source=47RyEb0sp6jrPw4V0oZejg,https://s3-media0.fl.yelpcdn.com/bphoto/0_nw6j81c6Mu7C20IyJ2kw/o.jpg
'hdihkmYZ3UWJk6-orDJ-hg,Jacob's Coffee House,jacobs coffee house,4.3,289,4.0-4.4,50+ reviews,$,1,Budget,80.34,No,Independent / Local,High: 200-499 reviews,Coffee & Tea,"401 8th St NE, Washington, DC 20002",401 8th St NE,"Washington, DC",DC,20002,38.89496231,-76.99475098,(202) 507-8812,https://www.yelp.com/biz/jacobs-coffee-house-washington?adjust_creative=47RyEb0sp6jrPw4V0oZejg&utm_campaign=yelp_api_v3&utm_medium=api_v3_business_search&utm_source=47RyEb0sp6jrPw4V0oZejg,https://s3-media0.fl.yelpcdn.com/bphoto/lGN6ReMdO4s5clRxLvHYTA/o.jpg
'7k--kn68SJWPIS2zpFRQcg,BPM Coffee & Wine,bpm coffee and wine,4.1,12,4.0-4.4,Under 50 reviews,Unknown,,Unknown,,No,Independent / Local,Low: under 50 reviews,"Wine Bars, Coffee & Tea, Breakfast & Brunch","1430 Rhode Island Ave NW, Washington, DC 20005",1430 Rhode Island Ave NW,"Washington, DC",DC,20005,38.908074,-77.032967,(202) 521-2721,https://www.yelp.com/biz/bpm-coffee-and-wine-washington?adjust_creative=47RyEb0sp6jrPw4V0oZejg&utm_campaign=yelp_api_v3&utm_medium=api_v3_business_search&utm_source=47RyEb0sp6jrPw4V0oZejg,https://s3-media0.fl.yelpcdn.com/bphoto/1JN2QVr_3i6i5d5SvjCksw/o.jpg
'o4sK8xguH4V2wHLVWtJ2XA,District of Columbia Coffee,district of columbia coffee,4.8,4,4.5-5.0,Under 50 reviews,Unknown,,Unknown,,No,Independent / Local,Low: under 50 reviews,"Coffee & Tea, Food Trucks, Colombian","600 Maryland Ave SW, Washington, DC 20024",600 Maryland Ave SW,"Washington, DC",DC,20024,38.88604,-77.021115,,https://www.yelp.com/biz/district-of-columbia-coffee-washington?adjust_creative=47RyEb0sp6jrPw4V0oZejg&utm_campaign=yelp_api_v3&utm_medium=api_v3_business_search&utm_source=47RyEb0sp6jrPw4V0oZejg,https://s3-media0.fl.yelpcdn.com/bphoto/dOvwzsE3sKv2ZNNlrLd4MA/o.jpg
'6U--Ntf892nuDpyQVpFT9Q,Reed Cooke Cafe,reed cooke cafe,5,2,4.5-5.0,Under 50 reviews,Unknown,,Unknown,,No,Independent / Local,Low: under 50 reviews,"Desserts, Coffee & Tea, Desserts, Coffee & Tea","1630 Columbia Rd NW, Washington, DC 20009",1630 Columbia Rd NW,"Washington, DC",DC,20009,38.92565432,-77.03749839,(202) 449-4580,https://www.yelp.com/biz/reed-cooke-cafe-washington?adjust_creative=47RyEb0sp6jrPw4V0oZejg&utm_campaign=yelp_api_v3&utm_medium=api_v3_business_search&utm_source=47RyEb0sp6jrPw4V0oZejg,https://s3-media0.fl.yelpcdn.com/bphoto/z1xG2VnPnrFbEzC70qoVPA/o.jpg
'Dx8lMWIZP3a0MZKg6_PQ9g,Rue Cafe,rue cafe,4.8,58,4.5-5.0,50+ reviews,Unknown,,Unknown,,Yes,Independent / Local,Medium: 50-199 reviews,"Coffee & Tea, Sandwiches","3906 14th St NW, Washington, DC 20011",3906 14th St NW,"Washington, DC",DC,20011,38.93887,-77.03306,(202) 741-0410,https://www.yelp.com/biz/rue-cafe-washington?adjust_creative=47RyEb0sp6jrPw4V0oZejg&utm_campaign=yelp_api_v3&utm_medium=api_v3_business_search&utm_source=47RyEb0sp6jrPw4V0oZejg,https://s3-media0.fl.yelpcdn.com/bphoto/EMJTi0TMVVFOBKYqGIXaRA/o.jpg
'CbxJHBa5CT7XAVrciKQ2SA,Caspian Crust,caspian crust,4.3,26,4.0-4.4,Under 50 reviews,Unknown,,Unknown,,No,Independent / Local,Low: under 50 reviews,"Coffee & Tea, Bakeries, Breakfast & Brunch","1826 Wisconsin Ave NW, Washington, DC 20007",1826 Wisconsin Ave NW,"Washington, DC",DC,20007,38.915269,-77.067748,(202) 916-5115,https://www.yelp.com/biz/caspian-crust-washington?adjust_creative=47RyEb0sp6jrPw4V0oZejg&utm_campaign=yelp_api_v3&utm_medium=api_v3_business_search&utm_source=47RyEb0sp6jrPw4V0oZejg,https://s3-media0.fl.yelpcdn.com/bphoto/xYTMz5qJ_i3raqDUWyJSpQ/o.jpg
'4hiztDuiwFDjCCRCefa9BQ,Colada Shop,colada shop,4,395,4.0-4.4,50+ reviews,$$,2,Moderate,68.18,No,Chain,High: 200-499 reviews,"Coffee & Tea, Cocktail Bars, Sandwiches","10 Pearl St SW, Washington, DC 20024",10 Pearl St SW,"Washington, DC",DC,20024,38.8792028,-77.02383552,(202) 932-2980,https://www.yelp.com/biz/colada-shop-washington-5?adjust_creative=47RyEb0sp6jrPw4V0oZejg&utm_campaign=yelp_api_v3&utm_medium=api_v3_business_search&utm_source=47RyEb0sp6jrPw4V0oZejg,https://s3-media0.fl.yelpcdn.com/bphoto/7dAY1fpzafvZpxsvQbk9pw/o.jpg
'9YirmV6UfC5HSFHF-fUIQQ,Compass Coffee,compass coffee,4.2,321,4.0-4.4,50+ reviews,$$,2,Moderate,70.95,No,Chain,High: 200-499 reviews,Coffee & Tea,"650 F St NW, Washington, DC 20004",650 F St NW,"Washington, DC",DC,20004,38.89714,-77.02100676,(202) 746-5510,https://www.yelp.com/biz/compass-coffee-washington-5?adjust_creative=47RyEb0sp6jrPw4V0oZejg&utm_campaign=yelp_api_v3&utm_medium=api_v3_business_search&utm_source=47RyEb0sp6jrPw4V0oZejg,https://s3-media0.fl.yelpcdn.com/bphoto/OrZcmkiVvTOaPiM07jNXig/o.jpg
'Jks-TNhhOXwx5I-y4v-eEQ,Others Coffee,others coffee,4.8,20,4.5-5.0,Under 50 reviews,Unknown,,Unknown,,Yes,Independent / Local,Low: under 50 reviews,"Coffee & Tea, Coffee Roasteries, Pop-up Shops","1722 Florida Ave NW, Washington, DC 20009",1722 Florida Ave NW,"Washington, DC",DC,20009,38.91795694,-77.04010355,,https://www.yelp.com/biz/others-coffee-washington?adjust_creative=47RyEb0sp6jrPw4V0oZejg&utm_campaign=yelp_api_v3&utm_medium=api_v3_business_search&utm_source=47RyEb0sp6jrPw4V0oZejg,https://s3-media0.fl.yelpcdn.com/bphoto/dcWNtcCHsATTT2AVQRC71w/o.jpg
'2QWLzwW0kxT98nFkHbSgVw,Songbyrd Record Cafe,songbyrd record cafe,3.8,230,3.5-3.9,50+ reviews,$$,2,Moderate,63.88,No,Independent / Local,High: 200-499 reviews,"Vinyl Records, Coffee & Tea, Sandwiches","540 Penn St NE, Washington, DC 20009",540 Penn St NE,"Washington, DC",DC,20009,38.91022,-76.99647,(202) 450-2917,https://www.yelp.com/biz/songbyrd-record-cafe-washington-2?adjust_creative=47RyEb0sp6jrPw4V0oZejg&utm_campaign=yelp_api_v3&utm_medium=api_v3_business_search&utm_source=47RyEb0sp6jrPw4V0oZejg,https://s3-media0.fl.yelpcdn.com/bphoto/ixljhze_3iTZJflbg4ZH3g/o.jpg
'cDfILozwkzgVTu30RBmziw,Cuban Espresso,cuban espresso,4.5,20,4.5-5.0,Under 50 reviews,Unknown,,Unknown,,Yes,Independent / Local,Low: under 50 reviews,"Cuban, Coffee & Tea, American","2750 14th St NW, Unit C11A, Washington, DC 20009",2750 14th St NW,"Washington, DC",DC,20009,38.925263,-77.032657,(202) 848-2528,https://www.yelp.com/biz/cuban-espresso-washington?adjust_creative=47RyEb0sp6jrPw4V0oZejg&utm_campaign=yelp_api_v3&utm_medium=api_v3_business_search&utm_source=47RyEb0sp6jrPw4V0oZejg,https://s3-media0.fl.yelpcdn.com/bphoto/sszQHmJ6bCohGOrysRizFg/o.jpg
'60zgA0q2GJFO330Enc6gJQ,Wake Me Shake Me,wake me shake me,5,2,4.5-5.0,Under 50 reviews,Unknown,,Unknown,,No,Independent / Local,Low: under 50 reviews,"Vinyl Records, Coffee & Tea","205 Upshur St NW, Washington, DC 20011",205 Upshur St NW,"Washington, DC",DC,20011,38.94234873,-77.0139964,,https://www.yelp.com/biz/wake-me-shake-me-washington?adjust_creative=47RyEb0sp6jrPw4V0oZejg&utm_campaign=yelp_api_v3&utm_medium=api_v3_business_search&utm_source=47RyEb0sp6jrPw4V0oZejg,https://s3-media0.fl.yelpcdn.com/bphoto/IeDSWWmNqVRQCbleI4CiHA/o.jpg
'UWkHbV0z6qKuqQWoBvt-Jg,Politics and Prose,politics and prose,4.2,397,4.0-4.4,50+ reviews,$$,2,Moderate,71.39,No,Independent / Local,High: 200-499 reviews,"Bookstores, Coffee & Tea","5015 Connecticut Ave NW, Washington, DC 20008",5015 Connecticut Ave NW,"Washington, DC",DC,20008,38.95547,-77.06965,(202) 364-1919,https://www.yelp.com/biz/politics-and-prose-washington?adjust_creative=47RyEb0sp6jrPw4V0oZejg&utm_campaign=yelp_api_v3&utm_medium=api_v3_business_search&utm_source=47RyEb0sp6jrPw4V0oZejg,https://s3-media0.fl.yelpcdn.com/bphoto/bvqJOGU_FrvZE1bOwiot3w/o.jpg
'YxFzFtNIOFwX58ysT9ct2g,Land of a Thousand Hills Coffee,land of a thousand hills coffee,3.9,16,3.5-3.9,Under 50 reviews,Unknown,,Unknown,,No,Chain,Low: under 50 reviews,"Coffee & Tea, Sandwiches","2601 14th St NW, Washington, DC 20009",2601 14th St NW,"Washington, DC",DC,20009,38.92393132,-77.03195497,,https://www.yelp.com/biz/land-of-a-thousand-hills-coffee-washington?adjust_creative=47RyEb0sp6jrPw4V0oZejg&utm_campaign=yelp_api_v3&utm_medium=api_v3_business_search&utm_source=47RyEb0sp6jrPw4V0oZejg,https://s3-media0.fl.yelpcdn.com/bphoto/6mqtC65sf4aGYwTP16IDwg/o.jpg
'dCXve1mqUIr7oB9DwJm6DA,Tatte Bakery & Cafe,tatte bakery and cafe,4.1,697,4.0-4.4,50+ reviews,$$,2,Moderate,70.93,No,Chain,Very high: 500+ reviews,"Bakeries, Coffee & Tea, Breakfast & Brunch","1200 New Hampshire Ave NW, Washington, DC 20036",1200 New Hampshire Ave NW,"Washington, DC",DC,20036,38.905814,-77.047639,(202) 919-8300,https://www.yelp.com/biz/tatte-bakery-and-cafe-washington-2?adjust_creative=47RyEb0sp6jrPw4V0oZejg&utm_campaign=yelp_api_v3&utm_medium=api_v3_business_search&utm_source=47RyEb0sp6jrPw4V0oZejg,https://s3-media0.fl.yelpcdn.com/bphoto/kxQjLMrgieHZP1_au8CUEQ/o.jpg
'xkMMVwEuJ2dwATVnhCa24A,Compass Coffee,compass coffee,4.2,90,4.0-4.4,50+ reviews,$$,2,Moderate,68.38,No,Chain,Medium: 50-199 reviews,"Coffee Roasteries, Coffee & Tea","1401 Eye St NW, Washington, DC 20005",1401 Eye St NW,"Washington, DC",DC,20005,38.901542,-77.032095,(202) 838-3193,https://www.yelp.com/biz/compass-coffee-washington-19?adjust_creative=47RyEb0sp6jrPw4V0oZejg&utm_campaign=yelp_api_v3&utm_medium=api_v3_business_search&utm_source=47RyEb0sp6jrPw4V0oZejg,https://s3-media0.fl.yelpcdn.com/bphoto/csrgYl1kMbV-cjbOG1_rag/o.jpg
'J3_lb8sFpi7p6IVfeI51nw,La Colombe,la colombe,4.2,66,4.0-4.4,50+ reviews,$$,2,Moderate,67.76,No,Chain,Medium: 50-199 reviews,Coffee & Tea,"201 M St NE, Washington, DC 20002",201 M St NE,"Washington, DC",DC,20002,38.90534736,-77.00266824,(202) 846-6833,https://www.yelp.com/biz/la-colombe-washington-11?adjust_creative=47RyEb0sp6jrPw4V0oZejg&utm_campaign=yelp_api_v3&utm_medium=api_v3_business_search&utm_source=47RyEb0sp6jrPw4V0oZejg,https://s3-media0.fl.yelpcdn.com/bphoto/eqEXKiC9erVmop5y0QUJow/o.jpg
'aJOh6r-enfn7bAVAwdtXVw,maman,maman,4,162,4.0-4.4,50+ reviews,Unknown,,Unknown,,No,Chain,Medium: 50-199 reviews,"Bakeries, Breakfast & Brunch, Coffee & Tea","1300 4th St NE, NE, Washington, DC 20002",1300 4th St NE,"Washington, DC",DC,20002,38.90928614,-76.9992647,(202) 464-5033,https://www.yelp.com/biz/maman-washington-2?adjust_creative=47RyEb0sp6jrPw4V0oZejg&utm_campaign=yelp_api_v3&utm_medium=api_v3_business_search&utm_source=47RyEb0sp6jrPw4V0oZejg,https://s3-media0.fl.yelpcdn.com/bphoto/H1IB4Rhpw3-D7ZkwynDe0g/o.jpg
'4Ry2kj5nVqAsxuFSQx-_GA,Compass Coffee,compass coffee,4.2,444,4.0-4.4,50+ reviews,$,1,Budget,79.61,No,Chain,High: 200-499 reviews,Coffee & Tea,"1535 7th St NW, Washington, DC 20001",1535 7th St NW,"Washington, DC",DC,20001,38.9105988,-77.0215683,(202) 251-7402,https://www.yelp.com/biz/compass-coffee-washington?adjust_creative=47RyEb0sp6jrPw4V0oZejg&utm_campaign=yelp_api_v3&utm_medium=api_v3_business_search&utm_source=47RyEb0sp6jrPw4V0oZejg,https://s3-media0.fl.yelpcdn.com/bphoto/FBA8NsESIqhi_7Opm1neUQ/o.jpg
'MJi17KRFRAlK4s7wqz9Jdw,Blue Bottle Coffee - Union Station,blue bottle coffee union station,3.8,152,3.5-3.9,50+ reviews,$$,2,Moderate,63.04,No,Chain,Medium: 50-199 reviews,Coffee & Tea,"50 Massachusetts Ave NE, Unit M160, Washington, DC 20002",50 Massachusetts Ave NE,"Washington, DC",DC,20002,38.897347,-77.006174,(510) 653-3394,https://www.yelp.com/biz/blue-bottle-coffee-union-station-washington-2?adjust_creative=47RyEb0sp6jrPw4V0oZejg&utm_campaign=yelp_api_v3&utm_medium=api_v3_business_search&utm_source=47RyEb0sp6jrPw4V0oZejg,https://s3-media0.fl.yelpcdn.com/bphoto/tVi-i2S5L0LrBUcpf-GWjQ/o.jpg
'HwCXs7tjIL0kOuLdvy1zTQ,Bluestone Lane Scott Circle Coffee Shop,bluestone lane scott circle coffee shop,4,139,4.0-4.4,50+ reviews,Unknown,,Unknown,,No,Chain,Medium: 50-199 reviews,"Coffee & Tea, Breakfast & Brunch","1515 Rhode Island Ave NW, Washington, DC 20005",1515 Rhode Island Ave NW,"Washington, DC",DC,20005,38.907868,-77.035532,(718) 374-6858,https://www.yelp.com/biz/bluestone-lane-the-darcy-washington?adjust_creative=47RyEb0sp6jrPw4V0oZejg&utm_campaign=yelp_api_v3&utm_medium=api_v3_business_search&utm_source=47RyEb0sp6jrPw4V0oZejg,https://s3-media0.fl.yelpcdn.com/bphoto/Qa3KqOJcWvZJhOhkME_Bjw/o.jpg
'uPmJB-jwTcHsBnd6lZktFw,Café du Parc,cafe du parc,3.5,544,3.5-3.9,50+ reviews,$$,2,Moderate,60.83,No,Independent / Local,Very high: 500+ reviews,"French, Breakfast & Brunch, Coffee & Tea","1401 Pennsylvania Ave NW, Washington, DC 20004",1401 Pennsylvania Ave NW,"Washington, DC",DC,20004,38.89639918,-77.03237802,(202) 942-7000,https://www.yelp.com/biz/caf%C3%A9-du-parc-washington-4?adjust_creative=47RyEb0sp6jrPw4V0oZejg&utm_campaign=yelp_api_v3&utm_medium=api_v3_business_search&utm_source=47RyEb0sp6jrPw4V0oZejg,https://s3-media0.fl.yelpcdn.com/bphoto/XQaL1jIMQc1FVRngVmsAOw/o.jpg
'SWaWOdCXKeeiEleMGz5NHw,Bluestone Lane Logan Circle Café,bluestone lane logan circle cafe,4.2,126,4.0-4.4,50+ reviews,$$,2,Moderate,69.06,No,Chain,Medium: 50-199 reviews,"Coffee & Tea, Gluten-Free, Breakfast & Brunch","1367 R St NW, Washington, DC 20009",1367 R St NW,"Washington, DC",DC,20009,38.91245405,-77.03116322,(718) 374-6858,https://www.yelp.com/biz/bluestone-lane-logan-circle-caf%C3%A9-washington-2?adjust_creative=47RyEb0sp6jrPw4V0oZejg&utm_campaign=yelp_api_v3&utm_medium=api_v3_business_search&utm_source=47RyEb0sp6jrPw4V0oZejg,https://s3-media0.fl.yelpcdn.com/bphoto/xSJTsIgRHVBqsT8njVmuQw/o.jpg
'yBv1bCEt7MMaplh3sM9RuA,The Newsroom,the newsroom,4.2,26,4.0-4.4,Under 50 reviews,$,1,Budget,73.91,No,Independent / Local,Low: under 50 reviews,"Coffee & Tea, Newspapers & Magazines, Convenience Stores","1728 Connecticut Ave NW, Washington, DC 20009",1728 Connecticut Ave NW,"Washington, DC",DC,20009,38.9135703,-77.0459966,(202) 332-1489,https://www.yelp.com/biz/the-newsroom-washington?adjust_creative=47RyEb0sp6jrPw4V0oZejg&utm_campaign=yelp_api_v3&utm_medium=api_v3_business_search&utm_source=47RyEb0sp6jrPw4V0oZejg,https://s3-media0.fl.yelpcdn.com/bphoto/s7aOCiZFDdVBbVx3sls04w/o.jpg
'gtZBZzFy9jxigKe96DmsVQ,Bluestone Lane West End Café,bluestone lane west end cafe,3.8,572,3.5-3.9,50+ reviews,$$,2,Moderate,65.73,No,Chain,Very high: 500+ reviews,"Coffee & Tea, Breakfast & Brunch","1100 23rd St NW, Washington, DC 20037",1100 23rd St NW,"Washington, DC",DC,20037,38.90417717,-77.05039345,(718) 374-6858,https://www.yelp.com/biz/bluestone-lane-dc-library-washington?adjust_creative=47RyEb0sp6jrPw4V0oZejg&utm_campaign=yelp_api_v3&utm_medium=api_v3_business_search&utm_source=47RyEb0sp6jrPw4V0oZejg,https://s3-media0.fl.yelpcdn.com/bphoto/mRDZK76h_LGQKUBfSo_YNw/o.jpg
'y1kgn5dY3rLxqI3q7kx35Q,{petite} maman,petite maman,4.4,46,4.0-4.4,Under 50 reviews,Unknown,,Unknown,,No,Chain,Low: under 50 reviews,"Coffee & Tea, Bakeries, Breakfast & Brunch","1220 19th St NW, NW, Washington, DC 20036",1220 19th St NW,"Washington, DC",DC,20036,38.90668416,-77.04384998,(202) 885-9441,https://www.yelp.com/biz/maman-washington-6?adjust_creative=47RyEb0sp6jrPw4V0oZejg&utm_campaign=yelp_api_v3&utm_medium=api_v3_business_search&utm_source=47RyEb0sp6jrPw4V0oZejg,https://s3-media0.fl.yelpcdn.com/bphoto/BQhdoqtxbXMhXzpfFWKrXw/o.jpg
'hmfmuG-mWullRxxEKJq1bw,Timgad Cafe,timgad cafe,4.1,157,4.0-4.4,50+ reviews,$,1,Budget,75.91,No,Independent / Local,Medium: 50-199 reviews,"Coffee & Tea, Cafes, Sandwiches","1300 Pennsylvania Ave NW, Washington, DC 20004",1300 Pennsylvania Ave NW,"Washington, DC",DC,20004,38.89363794,-77.02930429,(202) 289-6444,https://www.yelp.com/biz/timgad-cafe-washington-6?adjust_creative=47RyEb0sp6jrPw4V0oZejg&utm_campaign=yelp_api_v3&utm_medium=api_v3_business_search&utm_source=47RyEb0sp6jrPw4V0oZejg,https://s3-media0.fl.yelpcdn.com/bphoto/ZA61j5jVdBvMHXKifXBSQA/o.jpg
'VX2sVz0RVNf-Rf6hCmeDuA,The Second Address,the second address,4.3,12,4.0-4.4,Under 50 reviews,Unknown,,Unknown,,No,Independent / Local,Low: under 50 reviews,"New American, Coffee & Tea, Breakfast & Brunch","303 Massachusetts Ave NE, Washington, DC 20002",303 Massachusetts Ave NE,"Washington, DC",DC,20002,38.8942062,-77.0017846,(202) 258-7636,https://www.yelp.com/biz/the-second-address-washington?adjust_creative=47RyEb0sp6jrPw4V0oZejg&utm_campaign=yelp_api_v3&utm_medium=api_v3_business_search&utm_source=47RyEb0sp6jrPw4V0oZejg,https://s3-media0.fl.yelpcdn.com/bphoto/LSJ5uKMIzX738u2fHIKaxA/o.jpg
'SUlAlYRcMUVEgE_LEfB3jw,The Coffee Bar,the coffee bar,4.1,113,4.0-4.4,50+ reviews,$$,2,Moderate,67.24,No,Chain,Medium: 50-199 reviews,Coffee & Tea,"1200 17th St NW, Ste 150, Washington, DC 20036",1200 17th St NW,"Washington, DC",DC,20036,38.905979,-77.038866,(202) 296-1090,https://www.yelp.com/biz/the-coffee-bar-washington-5?adjust_creative=47RyEb0sp6jrPw4V0oZejg&utm_campaign=yelp_api_v3&utm_medium=api_v3_business_search&utm_source=47RyEb0sp6jrPw4V0oZejg,https://s3-media0.fl.yelpcdn.com/bphoto/b7LZYFjzYWVYmiImg6ruBQ/o.jpg
'ULWO0vfE9t0alUWrx9_F-g,Blue Bottle Coffee - Union Market,blue bottle coffee union market,4,105,4.0-4.4,50+ reviews,$$,2,Moderate,65.49,No,Chain,Medium: 50-199 reviews,Coffee & Tea,"1250 4th St NE, Washington, DC 20002",1250 4th St NE,"Washington, DC",DC,20002,38.908168,-77.000179,(510) 653-3394,https://www.yelp.com/biz/blue-bottle-coffee-union-market-washington?adjust_creative=47RyEb0sp6jrPw4V0oZejg&utm_campaign=yelp_api_v3&utm_medium=api_v3_business_search&utm_source=47RyEb0sp6jrPw4V0oZejg,https://s3-media0.fl.yelpcdn.com/bphoto/8Hx2tNT7PDI7MzECZwVerA/o.jpg
'omOh3TOA_Aaan3uZFw43VQ,Childhood Cafe,childhood cafe,4,3,4.0-4.4,Under 50 reviews,Unknown,,Unknown,,No,Independent / Local,Low: under 50 reviews,Coffee & Tea,"1423 H St NW, Washington, DC 20005",1423 H St NW,"Washington, DC",DC,20005,38.90037237,-77.0328993,,https://www.yelp.com/biz/childhood-cafe-washington-2?adjust_creative=47RyEb0sp6jrPw4V0oZejg&utm_campaign=yelp_api_v3&utm_medium=api_v3_business_search&utm_source=47RyEb0sp6jrPw4V0oZejg,https://s3-media0.fl.yelpcdn.com/bphoto/il0HCgCVzAVUfiHFDMPs_Q/o.jpg
'XArWdCRFbhDxiHMetg_9Iw,Saku Saku Flakerie,saku saku flakerie,3.8,69,3.5-3.9,50+ reviews,Unknown,,Unknown,,No,Independent / Local,Medium: 50-199 reviews,"Bakeries, Coffee & Tea, Sandwiches","4200 Wisconsin Ave NW, Washington, DC 20016",4200 Wisconsin Ave NW,"Washington, DC",DC,20016,38.94356857,-77.07773752,,https://www.yelp.com/biz/saku-saku-flakerie-washington-3?adjust_creative=47RyEb0sp6jrPw4V0oZejg&utm_campaign=yelp_api_v3&utm_medium=api_v3_business_search&utm_source=47RyEb0sp6jrPw4V0oZejg,https://s3-media0.fl.yelpcdn.com/bphoto/i4ZzGxbBAlg0DRhJ4RpyGg/o.jpg
'UY9o8MliuSz79wYDZIatjg,Emissary,emissary,4,571,4.0-4.4,50+ reviews,$$,2,Moderate,68.92,No,Chain,Very high: 500+ reviews,Coffee & Tea,"2032 P St NW, Washington, DC 20036",2032 P St NW,"Washington, DC",DC,20036,38.90951,-77.04638,(202) 748-5655,https://www.yelp.com/biz/emissary-washington-5?adjust_creative=47RyEb0sp6jrPw4V0oZejg&utm_campaign=yelp_api_v3&utm_medium=api_v3_business_search&utm_source=47RyEb0sp6jrPw4V0oZejg,https://s3-media0.fl.yelpcdn.com/bphoto/g-APdSXGcSiwAS09TnvgyQ/o.jpg
'Yp6UWkbq3Z-zoiwBP7jLww,Qargo Coffee,qargo coffee,4.3,4,4.0-4.4,Under 50 reviews,Unknown,,Unknown,,No,Chain,Low: under 50 reviews,Coffee & Tea,"1600 K St NW, Washington, DC 20006",1600 K St NW,"Washington, DC",DC,20006,38.90224,-77.03695,(202) 400-2515,https://www.yelp.com/biz/qargo-coffee-washington-5?adjust_creative=47RyEb0sp6jrPw4V0oZejg&utm_campaign=yelp_api_v3&utm_medium=api_v3_business_search&utm_source=47RyEb0sp6jrPw4V0oZejg,
'j3l4jSU4LV8Op5PSSQ-XWw,Tryst,tryst,4,1876,4.0-4.4,50+ reviews,$$,2,Moderate,71.34,No,Independent / Local,Very high: 500+ reviews,"Lounges, Coffee & Tea, American","2459 18th St NW, Washington, DC 20009",2459 18th St NW,"Washington, DC",DC,20009,38.92197037,-77.04212189,(202) 232-5500,https://www.yelp.com/biz/tryst-washington?adjust_creative=47RyEb0sp6jrPw4V0oZejg&utm_campaign=yelp_api_v3&utm_medium=api_v3_business_search&utm_source=47RyEb0sp6jrPw4V0oZejg,https://s3-media0.fl.yelpcdn.com/bphoto/8mXBJDeHOgozU92eEAJ8tA/o.jpg
'9xc7VKklWgpjJ9U9PYXsVQ,La Dona Cafe,la dona cafe,4.9,13,4.5-5.0,Under 50 reviews,Unknown,,Unknown,,No,Independent / Local,Low: under 50 reviews,"Coffee & Tea, Seafood, Sandwiches","3103 Mt Pleasant St NW, Washington, DC 20010",3103 Mt Pleasant St NW,"Washington, DC",DC,20010,38.92888852,-77.0371696,(202) 438-7051,https://www.yelp.com/biz/la-dona-cafe-washington-2?adjust_creative=47RyEb0sp6jrPw4V0oZejg&utm_campaign=yelp_api_v3&utm_medium=api_v3_business_search&utm_source=47RyEb0sp6jrPw4V0oZejg,https://s3-media0.fl.yelpcdn.com/bphoto/-ewxd-_8iRmLwgJP_G3Pqw/o.jpg
'uxqJtL1oe2uehe83FuL_Ow,La Colombe,la colombe,3.4,119,Below 3.5,50+ reviews,$$,2,Moderate,56.15,No,Chain,Medium: 50-199 reviews,Coffee & Tea,"1346 Florida Ave NW, Washington, DC 20009",1346 Florida Ave NW,"Washington, DC",DC,20009,38.9199028,-77.03117371,(202) 795-7962,https://www.yelp.com/biz/la-colombe-washington-10?adjust_creative=47RyEb0sp6jrPw4V0oZejg&utm_campaign=yelp_api_v3&utm_medium=api_v3_business_search&utm_source=47RyEb0sp6jrPw4V0oZejg,https://s3-media0.fl.yelpcdn.com/bphoto/euhSBsiyVYjVYq0elCFpsA/o.jpg
'XE5_rWJ9DkDVIpRpkMSQCw,Blank Street,blank street,3.8,76,3.5-3.9,50+ reviews,$$,2,Moderate,61.64,No,Chain,Medium: 50-199 reviews,Coffee & Tea,"3201 Prospect St NW, Washington, DC 20007",3201 Prospect St NW,"Washington, DC",DC,20007,38.90612622,-77.0631441,,https://www.yelp.com/biz/blank-street-washington?adjust_creative=47RyEb0sp6jrPw4V0oZejg&utm_campaign=yelp_api_v3&utm_medium=api_v3_business_search&utm_source=47RyEb0sp6jrPw4V0oZejg,https://s3-media0.fl.yelpcdn.com/bphoto/4tcG21ZUWA-2uB2iXH5ybg/o.jpg
'coyM8mIoxJkQtITv29vH3A,Simona Cafe,simona cafe,4.5,171,4.5-5.0,50+ reviews,$$,2,Moderate,74.48,No,Chain,Medium: 50-199 reviews,"Coffee & Tea, Wine Bars, Breakfast & Brunch","2507 Franklin Rd, Arlington, VA 22201",2507 Franklin Rd,Arlington,VA,22201,38.89075,-77.08895,(571) 970-0814,https://www.yelp.com/biz/simona-cafe-arlington-3?adjust_creative=47RyEb0sp6jrPw4V0oZejg&utm_campaign=yelp_api_v3&utm_medium=api_v3_business_search&utm_source=47RyEb0sp6jrPw4V0oZejg,https://s3-media0.fl.yelpcdn.com/bphoto/p2SqtNR_FzAcmAYl3WRsFQ/o.jpg
'sMzTAeBwEjchTZbqG2mlQA,Pitango Gelato & Coffee,pitango gelato and coffee,4.2,1089,4.0-4.4,50+ reviews,$$,2,Moderate,73.44,No,Chain,Very high: 500+ reviews,"Coffee & Tea, Ice Cream & Frozen Yogurt, Gelato","413 7th St NW, Washington, DC 20004",413 7th St NW,"Washington, DC",DC,20004,38.89505759,-77.02185407,(202) 885-9607,https://www.yelp.com/biz/pitango-gelato-and-coffee-washington?adjust_creative=47RyEb0sp6jrPw4V0oZejg&utm_campaign=yelp_api_v3&utm_medium=api_v3_business_search&utm_source=47RyEb0sp6jrPw4V0oZejg,https://s3-media0.fl.yelpcdn.com/bphoto/S3by5H-YHtxIdlSRtIYRCw/o.jpg
's6YlBaSVQ0MIsS6bndRS9g,Tatte Bakery & Cafe | Dupont Circle,tatte bakery and cafe dupont circle,4.1,481,4.0-4.4,50+ reviews,$$,2,Moderate,70.18,No,Chain,High: 200-499 reviews,"Cafes, Coffee & Tea, Bakeries","1301 Connecticut Ave NW, Washington, DC 20036",1301 Connecticut Ave NW,"Washington, DC",DC,20036,38.90758244,-77.04187839,(202) 629-1534,https://www.yelp.com/biz/tatte-bakery-and-cafe-washington-3?adjust_creative=47RyEb0sp6jrPw4V0oZejg&utm_campaign=yelp_api_v3&utm_medium=api_v3_business_search&utm_source=47RyEb0sp6jrPw4V0oZejg,https://s3-media0.fl.yelpcdn.com/bphoto/dSNhwZRvdyxNqaa4PAfO-w/o.jpg
'p42sf5YD-_0T_-wcUcdvLQ,Gregorys Coffee,gregorys coffee,4.1,108,4.0-4.4,50+ reviews,$,1,Budget,75.15,No,Chain,Medium: 50-199 reviews,"Coffee & Tea, Breakfast & Brunch","1000 Vermont Ave NW, Washington D.c, DC 20005",1000 Vermont Ave NW,Washington D.c,DC,20005,38.90297397,-77.0339742,(877) 212-9983,https://www.yelp.com/biz/gregorys-coffee-washington-d-c-3?adjust_creative=47RyEb0sp6jrPw4V0oZejg&utm_campaign=yelp_api_v3&utm_medium=api_v3_business_search&utm_source=47RyEb0sp6jrPw4V0oZejg,https://s3-media0.fl.yelpcdn.com/bphoto/uFJeqpCclGDfZ0TxYZgUhA/o.jpg
'ON4iRNtTVACPm1eonPOJfw,Pluma,pluma,4.7,33,4.5-5.0,Under 50 reviews,Unknown,,Unknown,,Yes,Chain,Low: under 50 reviews,"Bakeries, Coffee & Tea","610 Water St SW, Washington, DC 20024",610 Water St SW,"Washington, DC",DC,20024,38.87575868,-77.02112985,(202) 207-0039,https://www.yelp.com/biz/pluma-washington?adjust_creative=47RyEb0sp6jrPw4V0oZejg&utm_campaign=yelp_api_v3&utm_medium=api_v3_business_search&utm_source=47RyEb0sp6jrPw4V0oZejg,https://s3-media0.fl.yelpcdn.com/bphoto/ZO7mYY-W8Let7d-4NdYksA/o.jpg
'6ahpY5MvT-Tbtb-E3cv8sg,The Salty Donut,the salty donut,4,43,4.0-4.4,Under 50 reviews,Unknown,,Unknown,,No,Chain,Low: under 50 reviews,"Coffee & Tea, Cafes, Cafeteria","3299 M St NW, Washington, DC 20007",3299 M St NW,"Washington, DC",DC,20007,38.90543754,-77.06588586,(863) 358-5548,https://www.yelp.com/biz/the-salty-donut-washington?adjust_creative=47RyEb0sp6jrPw4V0oZejg&utm_campaign=yelp_api_v3&utm_medium=api_v3_business_search&utm_source=47RyEb0sp6jrPw4V0oZejg,https://s3-media0.fl.yelpcdn.com/bphoto/rDsQldZ3q-iDwKmdVLV9Jg/o.jpg
'7WSgnAo20aMw7J1aiYRYnw,Dolan Coffee,dolan coffee,3.9,10,3.5-3.9,Under 50 reviews,Unknown,,Unknown,,No,Independent / Local,Low: under 50 reviews,Coffee & Tea,"3518 Connecticut Ave NW, Unit D, Washington, DC 20008",3518 Connecticut Ave NW,"Washington, DC",DC,20008,38.93616,-77.05916,(202) 968-2002,https://www.yelp.com/biz/dolan-coffee-washington?adjust_creative=47RyEb0sp6jrPw4V0oZejg&utm_campaign=yelp_api_v3&utm_medium=api_v3_business_search&utm_source=47RyEb0sp6jrPw4V0oZejg,https://s3-media0.fl.yelpcdn.com/bphoto/vjP79qGXjaALtdRZoIAhNQ/o.jpg
'4bktxNYT3wC_GOlyUK77zg,Dolcezza,dolcezza,3.9,64,3.5-3.9,50+ reviews,Unknown,,Unknown,,No,Chain,Medium: 50-199 reviews,"Coffee & Tea, Gelato","7th and Independence Ave SW, Washington, DC 20024",7th and Independence Ave SW,"Washington, DC",DC,20024,38.887983,-77.022854,(202) 333-4646,https://www.yelp.com/biz/dolcezza-washington-16?adjust_creative=47RyEb0sp6jrPw4V0oZejg&utm_campaign=yelp_api_v3&utm_medium=api_v3_business_search&utm_source=47RyEb0sp6jrPw4V0oZejg,https://s3-media0.fl.yelpcdn.com/bphoto/-8TycySUrQyWC73-7M-y2w/o.jpg
'8bM8JEQJY1cFQSmK9_pFxQ,Coffee Republic - Metro Center,coffee republic metro center,4,67,4.0-4.4,50+ reviews,$$,2,Moderate,64.59,No,Independent / Local,Medium: 50-199 reviews,"Coffee & Tea, Desserts, Juice Bars & Smoothies","601 13th St NW, Washington, DC 20005",601 13th St NW,"Washington, DC",DC,20005,38.89788882,-77.0293001,(202) 290-1188,https://www.yelp.com/biz/coffee-republic-metro-center-washington?adjust_creative=47RyEb0sp6jrPw4V0oZejg&utm_campaign=yelp_api_v3&utm_medium=api_v3_business_search&utm_source=47RyEb0sp6jrPw4V0oZejg,https://s3-media0.fl.yelpcdn.com/bphoto/jS6QGSRkP1gedUwgIBOwRw/o.jpg
'qDNzPgIyJDvO5yWNdCFfrA,Cups & Co,cups and co,3.9,7,3.5-3.9,Under 50 reviews,$,1,Budget,66.63,No,Independent / Local,Low: under 50 reviews,"Coffee & Tea, Breakfast & Brunch","2 Constitution Ave NE, Bldg B65, Washington, DC 20002",2 Constitution Ave NE,"Washington, DC",DC,20002,38.89229299,-77.00697452,,https://www.yelp.com/biz/cups-and-co-washington-2?adjust_creative=47RyEb0sp6jrPw4V0oZejg&utm_campaign=yelp_api_v3&utm_medium=api_v3_business_search&utm_source=47RyEb0sp6jrPw4V0oZejg,https://s3-media0.fl.yelpcdn.com/bphoto/bpmHqpUbz-GM4mKwI3wlzQ/o.jpg
'iK21xOxLqycv71xeuBMPuQ,Spot of Tea - Dupont Circle,spot of tea dupont circle,4.7,134,4.5-5.0,50+ reviews,$$,2,Moderate,77.19,Yes,Chain,Medium: 50-199 reviews,"Bubble Tea, Coffee & Tea","2101 P St NW, Washington, DC 20037",2101 P St NW,"Washington, DC",DC,20037,38.909786,-77.046866,(844) 567-9632,https://www.yelp.com/biz/spot-of-tea-dupont-circle-washington-3?adjust_creative=47RyEb0sp6jrPw4V0oZejg&utm_campaign=yelp_api_v3&utm_medium=api_v3_business_search&utm_source=47RyEb0sp6jrPw4V0oZejg,https://s3-media0.fl.yelpcdn.com/bphoto/3_G8MYsp-_hSnphxRnHh4g/o.jpg
'-rzisxM53GvSDvo8Ka_lXw,Chez Lily,chez lily,4.2,105,4.0-4.4,50+ reviews,Unknown,,Unknown,,No,Independent / Local,Medium: 50-199 reviews,"Bakeries, Bagels, Coffee & Tea","425 I St NW, Ste 101, Washington, DC 20001",425 I St NW,"Washington, DC",DC,20001,38.90146943,-77.01714902,(202) 735-5137,https://www.yelp.com/biz/chez-lily-washington?adjust_creative=47RyEb0sp6jrPw4V0oZejg&utm_campaign=yelp_api_v3&utm_medium=api_v3_business_search&utm_source=47RyEb0sp6jrPw4V0oZejg,https://s3-media0.fl.yelpcdn.com/bphoto/JALEvn4svy4PcltVEQrxPg/o.jpg
'YUHzh9yvtsrhdDYAfQavHA,Büna Coffeehouse,buna coffeehouse,4.7,174,4.5-5.0,50+ reviews,$$,2,Moderate,77.71,No,Independent / Local,Medium: 50-199 reviews,"Coffee & Tea, Breakfast & Brunch, Sandwiches","4400 Georgia Ave NW, Washington, DC 20011",4400 Georgia Ave NW,"Washington, DC",DC,20011,38.9441185,-77.02645111,(202) 882-2223,https://www.yelp.com/biz/b%C3%BCna-coffeehouse-washington-4?adjust_creative=47RyEb0sp6jrPw4V0oZejg&utm_campaign=yelp_api_v3&utm_medium=api_v3_business_search&utm_source=47RyEb0sp6jrPw4V0oZejg,https://s3-media0.fl.yelpcdn.com/bphoto/Y9V624rPpp_0cjYL8d2MEg/o.jpg
'cPahoI6zjwr5eEWICysSDg,Filter Coffeehouse Foggy Bottom,filter coffeehouse foggy bottom,4.1,141,4.0-4.4,50+ reviews,$$,2,Moderate,67.69,No,Chain,Medium: 50-199 reviews,Coffee & Tea,"1916 I St NW, Washington, DC 20006",1916 I St NW,"Washington, DC",DC,20006,38.90118761,-77.04428224,(202) 223-0100,https://www.yelp.com/biz/filter-coffeehouse-foggy-bottom-washington?adjust_creative=47RyEb0sp6jrPw4V0oZejg&utm_campaign=yelp_api_v3&utm_medium=api_v3_business_search&utm_source=47RyEb0sp6jrPw4V0oZejg,https://s3-media0.fl.yelpcdn.com/bphoto/9u_yHleCjbC8hOpMk-rvmg/o.jpg
'Ohmy4oywYctSvEdm1fSzKg,Wine & Butter Cafe & Market,wine and butter cafe and market,4.2,106,4.0-4.4,50+ reviews,Unknown,,Unknown,,No,Independent / Local,Medium: 50-199 reviews,"Beer, Wine & Spirits, Coffee & Tea, Patisserie/Cake Shop","1023 E Capitol St SE, Washington, DC 20003",1023 E Capitol St SE,"Washington, DC",DC,20003,38.88953,-76.99171,(202) 336-2109,https://www.yelp.com/biz/wine-and-butter-cafe-and-market-washington?adjust_creative=47RyEb0sp6jrPw4V0oZejg&utm_campaign=yelp_api_v3&utm_medium=api_v3_business_search&utm_source=47RyEb0sp6jrPw4V0oZejg,https://s3-media0.fl.yelpcdn.com/bphoto/RDny2EJ8-LhRicvLFpc1wA/o.jpg
'-v4FjyMVlMTrWrD45a8-og,Jaliyaa Coffee,jaliyaa coffee,4.9,21,4.5-5.0,Under 50 reviews,Unknown,,Unknown,,Yes,Independent / Local,Low: under 50 reviews,"Coffee & Tea, Food Trucks","2401 Fourth St NW, Washington, DC 20059",2401 Fourth St NW,"Washington, DC",DC,20059,38.9219493,-77.0179328,(202) 322-7013,https://www.yelp.com/biz/jaliyaa-coffee-washington?adjust_creative=47RyEb0sp6jrPw4V0oZejg&utm_campaign=yelp_api_v3&utm_medium=api_v3_business_search&utm_source=47RyEb0sp6jrPw4V0oZejg,https://s3-media0.fl.yelpcdn.com/bphoto/zYmzfFICbB2pXiMtFgpMvA/o.jpg
'6X9isuCRSpSc6uyW5ihatA,Bistro Du Jour,bistro du jour,3.8,292,3.5-3.9,50+ reviews,$$,2,Moderate,64.36,No,Independent / Local,High: 200-499 reviews,"French, Coffee & Tea","99 District Square SW, Washington, DC 20024",99 District Square SW,"Washington, DC",DC,20024,38.87957,-77.02532,(240) 363-9320,https://www.yelp.com/biz/bistro-du-jour-washington?adjust_creative=47RyEb0sp6jrPw4V0oZejg&utm_campaign=yelp_api_v3&utm_medium=api_v3_business_search&utm_source=47RyEb0sp6jrPw4V0oZejg,https://s3-media0.fl.yelpcdn.com/bphoto/MqSOz7fblUdWXKOr4uYQaA/o.jpg
'-d6GRp2UvFjsX4ay1MI9jw,Bakeshop,bakeshop,4.4,1153,4.0-4.4,50+ reviews,$,1,Budget,84.75,No,Independent / Local,Very high: 500+ reviews,"Desserts, Bakeries, Coffee & Tea","1025 N Fillmore St, Ste G, Arlington, VA 22201",1025 N Fillmore St,Arlington,VA,22201,38.88545657,-77.09263685,(571) 970-6460,https://www.yelp.com/biz/bakeshop-arlington?adjust_creative=47RyEb0sp6jrPw4V0oZejg&utm_campaign=yelp_api_v3&utm_medium=api_v3_business_search&utm_source=47RyEb0sp6jrPw4V0oZejg,https://s3-media0.fl.yelpcdn.com/bphoto/qX28A-95jZPuYhK1So7VJA/o.jpg
'rWrGFz1nZbFLJEMFOHahsA,Blue Bottle Coffee - Georgetown,blue bottle coffee georgetown,3.9,307,3.5-3.9,50+ reviews,$$,2,Moderate,66.06,No,Chain,High: 200-499 reviews,Coffee & Tea,"1046 Potomac St NW, Washington, DC 20007",1046 Potomac St NW,"Washington, DC",DC,20007,38.90442169,-77.06537703,(510) 653-3394,https://www.yelp.com/biz/blue-bottle-coffee-georgetown-washington?adjust_creative=47RyEb0sp6jrPw4V0oZejg&utm_campaign=yelp_api_v3&utm_medium=api_v3_business_search&utm_source=47RyEb0sp6jrPw4V0oZejg,https://s3-media0.fl.yelpcdn.com/bphoto/8_W_mzP66fYr86MXFkV3TQ/o.jpg
'FWH-CbwzF0z_XXjN21CwxA,Boulangerie Saint Georges,boulangerie saint georges,4.1,39,4.0-4.4,Under 50 reviews,$$,2,Moderate,65.11,No,Independent / Local,Low: under 50 reviews,"Cafes, Bakeries, Coffee & Tea","303 7th St SE, Washington, DC 20003",303 7th St SE,"Washington, DC",DC,20003,38.8858434,-76.99637,,https://www.yelp.com/biz/boulangerie-saint-georges-washington-2?adjust_creative=47RyEb0sp6jrPw4V0oZejg&utm_campaign=yelp_api_v3&utm_medium=api_v3_business_search&utm_source=47RyEb0sp6jrPw4V0oZejg,https://s3-media0.fl.yelpcdn.com/bphoto/dmm-PRIyI1KzOEHP19gQfQ/o.jpg
'xm5UxeazN3CwQiN8zaq14A,La Colombe,la colombe,4.3,111,4.0-4.4,50+ reviews,$,1,Budget,78.4,No,Chain,Medium: 50-199 reviews,"Coffee & Tea, Coffee Roasteries, Desserts","1710 I St NW, Washington, DC 20006",1710 I St NW,"Washington, DC",DC,20006,38.90119027,-77.04015745,(202) 846-6823,https://www.yelp.com/biz/la-colombe-washington-12?adjust_creative=47RyEb0sp6jrPw4V0oZejg&utm_campaign=yelp_api_v3&utm_medium=api_v3_business_search&utm_source=47RyEb0sp6jrPw4V0oZejg,https://s3-media0.fl.yelpcdn.com/bphoto/pbfD9LPwPRCVdlaZAsepCA/o.jpg
'YoWII9X6jRGv9_Gvo5GImQ,For Five Coffee Roasters,for five coffee roasters,3.5,167,3.5-3.9,50+ reviews,$$,2,Moderate,58.43,No,Chain,Medium: 50-199 reviews,"Coffee & Tea, Breakfast & Brunch, Sandwiches","2000 L St NW, Washington, DC 20036",2000 L St NW,"Washington, DC",DC,20036,38.9034384,-77.0457423,(202) 920-0101,https://www.yelp.com/biz/for-five-coffee-roasters-washington?adjust_creative=47RyEb0sp6jrPw4V0oZejg&utm_campaign=yelp_api_v3&utm_medium=api_v3_business_search&utm_source=47RyEb0sp6jrPw4V0oZejg,https://s3-media0.fl.yelpcdn.com/bphoto/jXQUMhKONEpXmOza1qjuuA/o.jpg
'GGS_xDYWevPyMpm9IpKmrg,Gregorys Coffee,gregorys coffee,4.1,154,4.0-4.4,50+ reviews,$$,2,Moderate,67.87,No,Chain,Medium: 50-199 reviews,"Coffee & Tea, Bakeries","1101 Connecticut Ave NW, Washington, DC 20036",1101 Connecticut Ave NW,"Washington, DC",DC,20036,38.90430199,-77.03993347,(877) 215-5327,https://www.yelp.com/biz/gregorys-coffee-washington-8?adjust_creative=47RyEb0sp6jrPw4V0oZejg&utm_campaign=yelp_api_v3&utm_medium=api_v3_business_search&utm_source=47RyEb0sp6jrPw4V0oZejg,https://s3-media0.fl.yelpcdn.com/bphoto/OSP4Goc97uS1ypN8u2qFdg/o.jpg
'bTvV4446DeJOx4X-LxCTQg,Quill & Crumb,quill and crumb,4.1,47,4.0-4.4,Under 50 reviews,Unknown,,Unknown,,No,Independent / Local,Low: under 50 reviews,"Cafes, Coffee & Tea, Sandwiches","201 E Capitol St SE, Washington, DC 20003",201 E Capitol St SE,"Washington, DC",DC,20003,38.8894594,-77.0027363,,https://www.yelp.com/biz/quill-and-crumb-washington?adjust_creative=47RyEb0sp6jrPw4V0oZejg&utm_campaign=yelp_api_v3&utm_medium=api_v3_business_search&utm_source=47RyEb0sp6jrPw4V0oZejg,https://s3-media0.fl.yelpcdn.com/bphoto/9WziYOEUN5ryu2pEuNz_dw/o.jpg
'CGUuZv4EyTUrrEFarhfETQ,Tous Les Jours,tous les jours,4.2,28,4.0-4.4,Under 50 reviews,Unknown,,Unknown,,No,Chain,Low: under 50 reviews,"Coffee & Tea, Desserts, Bakeries","625 H St NW, Unit 101, Washington, DC 20001",625 H St NW,"Washington, DC",DC,20001,38.900049,-77.021074,(202) 621-7811,https://www.yelp.com/biz/tous-les-jours-washington?adjust_creative=47RyEb0sp6jrPw4V0oZejg&utm_campaign=yelp_api_v3&utm_medium=api_v3_business_search&utm_source=47RyEb0sp6jrPw4V0oZejg,https://s3-media0.fl.yelpcdn.com/bphoto/tw2wKLxvS0VsS1sVkn2cSg/o.jpg
'5nTHdGj-rjXNTf1P2nuETQ,Yours Cafe,yours cafe,4.7,78,4.5-5.0,50+ reviews,Unknown,,Unknown,,Yes,Independent / Local,Medium: 50-199 reviews,"Cafes, Coffee & Tea, Breakfast & Brunch","2619 Connecticut Ave NW, Washington, DC 20008",2619 Connecticut Ave NW,"Washington, DC",DC,20008,38.92417,-77.0514,(202) 516-4336,https://www.yelp.com/biz/yours-cafe-washington?adjust_creative=47RyEb0sp6jrPw4V0oZejg&utm_campaign=yelp_api_v3&utm_medium=api_v3_business_search&utm_source=47RyEb0sp6jrPw4V0oZejg,https://s3-media0.fl.yelpcdn.com/bphoto/MB1_hljS4fIgBbnH1ycQmg/o.jpg
'Ldm1tzHlw--JRGASgNSNVw,Yerevan,yerevan,4.6,97,4.5-5.0,50+ reviews,$,1,Budget,82.93,Yes,Independent / Local,Medium: 50-199 reviews,"Desserts, Coffee & Tea, Tapas/Small Plates","2204 18th St NW, Washington, DC 20009",2204 18th St NW,"Washington, DC",DC,20009,38.91904458,-77.04174315,(202) 516-5924,https://www.yelp.com/biz/yerevan-washington?adjust_creative=47RyEb0sp6jrPw4V0oZejg&utm_campaign=yelp_api_v3&utm_medium=api_v3_business_search&utm_source=47RyEb0sp6jrPw4V0oZejg,https://s3-media0.fl.yelpcdn.com/bphoto/drLQP2qjaubsJyKEbY222g/o.jpg
'VULe5yDqaGSxlq5ObB1mBg,Emissary Coffeehouse,emissary coffeehouse,4,69,4.0-4.4,50+ reviews,Unknown,,Unknown,,No,Chain,Medium: 50-199 reviews,"Coffee & Tea, Breakfast & Brunch, Sandwiches","1726 20th St NW, Washington, DC 20009",1726 20th St NW,"Washington, DC",DC,20009,38.913684,-77.045085,(202) 748-5655,https://www.yelp.com/biz/emissary-coffeehouse-washington-2?adjust_creative=47RyEb0sp6jrPw4V0oZejg&utm_campaign=yelp_api_v3&utm_medium=api_v3_business_search&utm_source=47RyEb0sp6jrPw4V0oZejg,https://s3-media0.fl.yelpcdn.com/bphoto/pX_Ug5eg51jwHK-IVLsBIg/o.jpg
'aH-g4HhTCI2N1a0BO70O6g,South Block,south block,4.4,59,4.0-4.4,50+ reviews,$$,2,Moderate,70.73,No,Chain,Medium: 50-199 reviews,"Juice Bars & Smoothies, Acai Bowls, Coffee & Tea","1418 14th St NW, Washington, DC 20005",1418 14th St NW,"Washington, DC",DC,20005,38.90948,-77.03226,(703) 465-8423,https://www.yelp.com/biz/south-block-washington-8?adjust_creative=47RyEb0sp6jrPw4V0oZejg&utm_campaign=yelp_api_v3&utm_medium=api_v3_business_search&utm_source=47RyEb0sp6jrPw4V0oZejg,https://s3-media0.fl.yelpcdn.com/bphoto/xe3KMDZzoyzTrGwJ3L_IAA/o.jpg
'3q4TPBPwEuJ1HY0Z3Ol5OA,Toastique,toastique,4.4,393,4.0-4.4,50+ reviews,$$,2,Moderate,74.57,No,Chain,High: 200-499 reviews,"Juice Bars & Smoothies, Breakfast & Brunch, Coffee & Tea","764 Maine Ave SW, Washington, DC 20024",764 Maine Ave SW,"Washington, DC",DC,20024,38.8793257,-77.0239435,(202) 484-5200,https://www.yelp.com/biz/toastique-washington?adjust_creative=47RyEb0sp6jrPw4V0oZejg&utm_campaign=yelp_api_v3&utm_medium=api_v3_business_search&utm_source=47RyEb0sp6jrPw4V0oZejg,https://s3-media0.fl.yelpcdn.com/bphoto/kjAc07Wxrmbj35H8Y2Dwnw/o.jpg
'X8imRrNd6G5Z1ekSEwC8YA,Swing Coffee Roasters,swing coffee roasters,4.1,245,4.0-4.4,50+ reviews,$,1,Budget,76.81,No,Chain,High: 200-499 reviews,"Coffee & Tea, Coffee Roasteries","1702 G St NW, Washington, DC 20006",1702 G St NW,"Washington, DC",DC,20006,38.898096,-77.039904,(202) 408-1315,https://www.yelp.com/biz/swing-coffee-roasters-washington?adjust_creative=47RyEb0sp6jrPw4V0oZejg&utm_campaign=yelp_api_v3&utm_medium=api_v3_business_search&utm_source=47RyEb0sp6jrPw4V0oZejg,https://s3-media0.fl.yelpcdn.com/bphoto/UxpNfKC61yjJBPd49jlBpA/o.jpg
'deApjK4xBBxw3fPISsnClw,Union Kitchen Grocery,union kitchen grocery,4.2,27,4.0-4.4,Under 50 reviews,$$,2,Moderate,65.98,No,Chain,Low: under 50 reviews,"Coffee & Tea, Convenience Stores, Sandwiches","1625 Eckington Pl NE, Washington, DC 20002",1625 Eckington Pl NE,"Washington, DC",DC,20002,38.91209,-77.00369,(202) 792-7850,https://www.yelp.com/biz/union-kitchen-grocery-washington-8?adjust_creative=47RyEb0sp6jrPw4V0oZejg&utm_campaign=yelp_api_v3&utm_medium=api_v3_business_search&utm_source=47RyEb0sp6jrPw4V0oZejg,https://s3-media0.fl.yelpcdn.com/bphoto/CJHQRowCDt8p0QoP-X86fg/o.jpg
'2jukv5mDaPv0u94thK8JeQ,Compass Coffee,compass coffee,4,97,4.0-4.4,50+ reviews,$$,2,Moderate,65.33,No,Chain,Medium: 50-199 reviews,Coffee & Tea,"1921 8th St NW, Washington, DC 20001",1921 8th St NW,"Washington, DC",DC,20001,38.916256,-77.022773,(202) 838-3139,https://www.yelp.com/biz/compass-coffee-washington-2?adjust_creative=47RyEb0sp6jrPw4V0oZejg&utm_campaign=yelp_api_v3&utm_medium=api_v3_business_search&utm_source=47RyEb0sp6jrPw4V0oZejg,https://s3-media0.fl.yelpcdn.com/bphoto/nj6wEiTg0I-sDU1AiqyBtg/o.jpg
'l61VZi6tQU15IYNu-Bc9WQ,Roasting Plant Coffee,roasting plant coffee,4,24,4.0-4.4,Under 50 reviews,$$,2,Moderate,62.55,No,Chain,Low: under 50 reviews,"Coffee & Tea, Coffee & Tea","1901 L St NW, Washington, DC 20036",1901 L St NW,"Washington, DC",DC,20036,38.90398208,-77.0436562,,https://www.yelp.com/biz/roasting-plant-coffee-washington?adjust_creative=47RyEb0sp6jrPw4V0oZejg&utm_campaign=yelp_api_v3&utm_medium=api_v3_business_search&utm_source=47RyEb0sp6jrPw4V0oZejg,https://s3-media0.fl.yelpcdn.com/bphoto/nwNu0lfB46uuJUCyKOw7yQ/o.jpg
'D6tgLf3k_9EzHKYPa7avjQ,Gute Leute,gute leute,4.5,279,4.5-5.0,50+ reviews,$$,2,Moderate,75.47,No,Independent / Local,High: 200-499 reviews,Coffee & Tea,"800 N Glebe Rd, Ste 100, Arlington, VA 22203",800 N Glebe Rd,Arlington,VA,22203,38.88022296,-77.1149873,(571) 259-6982,https://www.yelp.com/biz/gute-leute-arlington?adjust_creative=47RyEb0sp6jrPw4V0oZejg&utm_campaign=yelp_api_v3&utm_medium=api_v3_business_search&utm_source=47RyEb0sp6jrPw4V0oZejg,https://s3-media0.fl.yelpcdn.com/bphoto/YOoYgLsbBQEwshEoPnVLDA/o.jpg
'XTDcNGDsxvFDkTuHKyOIAA,Uptown Cafe,uptown cafe,3.7,96,3.5-3.9,50+ reviews,$,1,Budget,68.51,No,Independent / Local,Medium: 50-199 reviews,"Coffee & Tea, Delis, Soup","131 M St NE, Washington, DC 20002",131 M St NE,"Washington, DC",DC,20002,38.905458,-77.005096,(202) 842-3777,https://www.yelp.com/biz/uptown-cafe-washington-2?adjust_creative=47RyEb0sp6jrPw4V0oZejg&utm_campaign=yelp_api_v3&utm_medium=api_v3_business_search&utm_source=47RyEb0sp6jrPw4V0oZejg,https://s3-media0.fl.yelpcdn.com/bphoto/yBk5GOZfdta2JsgIjt5UgQ/o.jpg
'MYCsbqczPLkIxhKG5FSvkQ,Any Day Now,any day now,4.3,247,4.0-4.4,50+ reviews,$$,2,Moderate,72.02,No,Independent / Local,High: 200-499 reviews,"Coffee & Tea, Patisserie/Cake Shop, Breakfast & Brunch","2 I St SE, Washington, DC 20003",2 I St SE,"Washington, DC",DC,20003,38.87955,-77.00859,(703) 966-2620,https://www.yelp.com/biz/any-day-now-washington?adjust_creative=47RyEb0sp6jrPw4V0oZejg&utm_campaign=yelp_api_v3&utm_medium=api_v3_business_search&utm_source=47RyEb0sp6jrPw4V0oZejg,https://s3-media0.fl.yelpcdn.com/bphoto/IkqEnYDBjaomCPEUHjGuKg/o.jpg
'-45B0X5tVfhT7sfj7kWRkw,Little Food Studio,little food studio,4.9,66,4.5-5.0,50+ reviews,Unknown,,Unknown,,Yes,Independent / Local,Medium: 50-199 reviews,"Sandwiches, Coffee & Tea, Breakfast & Brunch","849 Upshur St NW, Washington, DC 20011",849 Upshur St NW,"Washington, DC",DC,20011,38.9420451,-77.02479977,(771) 242-4037,https://www.yelp.com/biz/little-food-studio-washington-3?adjust_creative=47RyEb0sp6jrPw4V0oZejg&utm_campaign=yelp_api_v3&utm_medium=api_v3_business_search&utm_source=47RyEb0sp6jrPw4V0oZejg,https://s3-media0.fl.yelpcdn.com/bphoto/Un6hY0XdF8F8QPzPmASdjA/o.jpg
'3RpL7kvcWoJi9wsI7muJrg,Peregrine Espresso,peregrine espresso,4.2,545,4.0-4.4,50+ reviews,$$,2,Moderate,72.03,No,Chain,Very high: 500+ reviews,Coffee & Tea,"660 Pennsylvania Ave SE, Washington, DC 20003",660 Pennsylvania Ave SE,"Washington, DC",DC,20003,38.88553633,-76.99639691,(202) 629-4381,https://www.yelp.com/biz/peregrine-espresso-washington-2?adjust_creative=47RyEb0sp6jrPw4V0oZejg&utm_campaign=yelp_api_v3&utm_medium=api_v3_business_search&utm_source=47RyEb0sp6jrPw4V0oZejg,https://s3-media0.fl.yelpcdn.com/bphoto/VJZGiJg7hbl16ofBtEr23Q/o.jpg
'1OrRgSPgEdHK0PsTO2cdyA,la Betty,la betty,3.6,44,3.5-3.9,Under 50 reviews,Unknown,,Unknown,,No,Independent / Local,Low: under 50 reviews,"Wine Bars, Breakfast & Brunch, Coffee & Tea","420 K St NW, Washington, DC 20001",420 K St NW,"Washington, DC",DC,20001,38.90222,-77.0169,,https://www.yelp.com/biz/la-betty-washington-2?adjust_creative=47RyEb0sp6jrPw4V0oZejg&utm_campaign=yelp_api_v3&utm_medium=api_v3_business_search&utm_source=47RyEb0sp6jrPw4V0oZejg,https://s3-media0.fl.yelpcdn.com/bphoto/dy-r7X603uH6G1gTErOSWg/o.jpg
'6UIODxXwkNoYz5g8Ep54gA,Sook,sook,4.4,19,4.0-4.4,Under 50 reviews,Unknown,,Unknown,,No,Independent / Local,Low: under 50 reviews,"Coffee & Tea, Breakfast & Brunch, Wine Bars","1346 T St NW, Washington, DC 20009",1346 T St NW,"Washington, DC",DC,20009,38.91541499,-77.0315603,(202) 506-4765,https://www.yelp.com/biz/sook-washington?adjust_creative=47RyEb0sp6jrPw4V0oZejg&utm_campaign=yelp_api_v3&utm_medium=api_v3_business_search&utm_source=47RyEb0sp6jrPw4V0oZejg,https://s3-media0.fl.yelpcdn.com/bphoto/7WtlYido6iOo_TlI7LeDBQ/o.jpg
'eSXLgnLfWo9EO8yWry4vFg,Coffee Alley,coffee alley,4,1,4.0-4.4,Under 50 reviews,Unknown,,Unknown,,No,Independent / Local,Low: under 50 reviews,Coffee & Tea,"701 7th St NW, Washington, DC 20001",701 7th St NW,"Washington, DC",DC,20001,38.898571,-77.0217743,,https://www.yelp.com/biz/coffee-alley-washington?adjust_creative=47RyEb0sp6jrPw4V0oZejg&utm_campaign=yelp_api_v3&utm_medium=api_v3_business_search&utm_source=47RyEb0sp6jrPw4V0oZejg,
'2h3gpqLShaoPKu6cJKo48Q,Bad Ass Coffee of Hawaii,bad ass coffee of hawaii,4.4,135,4.0-4.4,50+ reviews,$,1,Budget,80.4,No,Chain,Medium: 50-199 reviews,"Coffee & Tea, Breakfast & Brunch, Juice Bars & Smoothies","2466 Mandeville Ln, Alexandria, VA 22314",2466 Mandeville Ln,Alexandria,VA,22314,38.80256,-77.0721,(703) 894-0111,https://www.yelp.com/biz/bad-ass-coffee-alexandria-4?adjust_creative=47RyEb0sp6jrPw4V0oZejg&utm_campaign=yelp_api_v3&utm_medium=api_v3_business_search&utm_source=47RyEb0sp6jrPw4V0oZejg,https://s3-media0.fl.yelpcdn.com/bphoto/c0c4ttKRn_dCaAwmwr1s0w/o.jpg
'73AjCQfjOdGQRzQ36duuNg,Call Your Mother Deli - Barracks Row / Capitol Hill D.C,call your mother deli barracks row capitol hill dc,4.3,269,4.0-4.4,50+ reviews,$$,2,Moderate,72.2,No,Chain,High: 200-499 reviews,"Bagels, Delis, Coffee & Tea, Bagels, Delis, Coffee & Tea","701 8th St SE, Washington, DC 20003",701 8th St SE,"Washington, DC",DC,20003,38.881123,-76.995282,(202) 601-7655,https://www.yelp.com/biz/call-your-mother-washington-8?adjust_creative=47RyEb0sp6jrPw4V0oZejg&utm_campaign=yelp_api_v3&utm_medium=api_v3_business_search&utm_source=47RyEb0sp6jrPw4V0oZejg,https://s3-media0.fl.yelpcdn.com/bphoto/E2lWgAwuJW_9CrYviZNkKg/o.jpg
'qcmfvQV0xp4juQkPBjYfew,Llamas' Corner,llamas corner,3.4,5,Below 3.5,Under 50 reviews,Unknown,,Unknown,,No,Independent / Local,Low: under 50 reviews,"Coffee & Tea, Bubble Tea, Sandwiches","705 8th St SE, Washington, DC 20003",705 8th St SE,"Washington, DC",DC,20003,38.881009,-76.995295,,https://www.yelp.com/biz/llamas-corner-washington?adjust_creative=47RyEb0sp6jrPw4V0oZejg&utm_campaign=yelp_api_v3&utm_medium=api_v3_business_search&utm_source=47RyEb0sp6jrPw4V0oZejg,https://s3-media0.fl.yelpcdn.com/bphoto/wdE20kPPcpiema1c1nw28A/o.jpg
'fWwSW-NyZtRva6LLZwWptw,Dolcezza,dolcezza,4.2,734,4.0-4.4,50+ reviews,$$,2,Moderate,72.63,No,Chain,Very high: 500+ reviews,"Coffee & Tea, Gelato","1704 Connecticut Ave NW, Washington, DC 20009",1704 Connecticut Ave NW,"Washington, DC",DC,20009,38.9128695,-77.04555414,(202) 299-9116,https://www.yelp.com/biz/dolcezza-washington-10?adjust_creative=47RyEb0sp6jrPw4V0oZejg&utm_campaign=yelp_api_v3&utm_medium=api_v3_business_search&utm_source=47RyEb0sp6jrPw4V0oZejg,https://s3-media0.fl.yelpcdn.com/bphoto/XUM-40N4IdVHTHhpBhLb3A/o.jpg
'bRPKrTS73rK76izltKbb9A,Buna Talk Cafe,buna talk cafe,4.5,2,4.5-5.0,Under 50 reviews,Unknown,,Unknown,,No,Independent / Local,Low: under 50 reviews,"Coffee & Tea, Cafes, Juice Bars & Smoothies","1110 Oak Dr SE, Washington, DC 20032",1110 Oak Dr SE,"Washington, DC",DC,20032,38.845819,-76.989916,,https://www.yelp.com/biz/buna-talk-cafe-washington?adjust_creative=47RyEb0sp6jrPw4V0oZejg&utm_campaign=yelp_api_v3&utm_medium=api_v3_business_search&utm_source=47RyEb0sp6jrPw4V0oZejg,https://s3-media0.fl.yelpcdn.com/bphoto/NnG1O7rrvSi_vxeKtwKlpg/o.jpg
'cV7hW6djarQRVktRCYps1w,Cafe U,cafe u,4.5,56,4.5-5.0,50+ reviews,$,1,Budget,80.23,Yes,Independent / Local,Medium: 50-199 reviews,"Coffee & Tea, Donuts, Sandwiches","1017 U St NW, Washington, DC 20001",1017 U St NW,"Washington, DC",DC,20001,38.91721,-77.02653,(202) 234-0409,https://www.yelp.com/biz/cafe-u-washington-2?adjust_creative=47RyEb0sp6jrPw4V0oZejg&utm_campaign=yelp_api_v3&utm_medium=api_v3_business_search&utm_source=47RyEb0sp6jrPw4V0oZejg,https://s3-media0.fl.yelpcdn.com/bphoto/TdFDl3tK1R-4luIIsD_hRw/o.jpg
'n4nseTWzpnerOIbSwbuHbQ,Avondale Coffee Shop,avondale coffee shop,5,6,4.5-5.0,Under 50 reviews,Unknown,,Unknown,,No,Independent / Local,Low: under 50 reviews,Coffee & Tea,"1909 Michigan Ave NE, Washington, DC 20018",1909 Michigan Ave NE,"Washington, DC",DC,20018,38.94556,-76.97821,(202) 529-4854,https://www.yelp.com/biz/avondale-coffee-shop-washington?adjust_creative=47RyEb0sp6jrPw4V0oZejg&utm_campaign=yelp_api_v3&utm_medium=api_v3_business_search&utm_source=47RyEb0sp6jrPw4V0oZejg,https://s3-media0.fl.yelpcdn.com/bphoto/4UCOIhyfV7AfhjUE-l-0jQ/o.jpg
'2I83iVac0MptEi7RpoxYQQ,The Roost,the roost,4.2,165,4.0-4.4,50+ reviews,$$,2,Moderate,69.61,No,Independent / Local,Medium: 50-199 reviews,"Coffee & Tea, Food Court, Pizza","1401 Pennsylvania Ave SE, Washington, DC 20003",1401 Pennsylvania Ave SE,"Washington, DC",DC,20003,38.87980721,-76.98523226,(202) 661-0142,https://www.yelp.com/biz/the-roost-washington?adjust_creative=47RyEb0sp6jrPw4V0oZejg&utm_campaign=yelp_api_v3&utm_medium=api_v3_business_search&utm_source=47RyEb0sp6jrPw4V0oZejg,https://s3-media0.fl.yelpcdn.com/bphoto/QjWFUUFOhpo92AqKUZUZkQ/o.jpg
'5FsYqbLJOj-7T110pLiECg,Spot of Tea - Union Market,spot of tea union market,4.6,191,4.5-5.0,50+ reviews,$$,2,Moderate,76.3,No,Chain,Medium: 50-199 reviews,"Bubble Tea, Coffee & Tea","1309 5th St NE, Inside Union Market, Washington, DC 20002",1309 5th St NE,"Washington, DC",DC,20002,38.908598,-76.997378,(833) 322-1754,https://www.yelp.com/biz/spot-of-tea-union-market-washington?adjust_creative=47RyEb0sp6jrPw4V0oZejg&utm_campaign=yelp_api_v3&utm_medium=api_v3_business_search&utm_source=47RyEb0sp6jrPw4V0oZejg,https://s3-media0.fl.yelpcdn.com/bphoto/s21L0UpfOaRUk1C9sIPGig/o.jpg
'0-OTVzmRIV1csYwQYuCa8g,Call Your Mother Deli - Park View,call your mother deli park view,4.2,614,4.0-4.4,50+ reviews,$$,2,Moderate,72.27,No,Chain,Very high: 500+ reviews,"Bagels, Delis, Coffee & Tea","3301 Georgia Ave NW, Washington, DC 20010",3301 Georgia Ave NW,"Washington, DC",DC,20010,38.93138,-77.0233,(202) 450-5307,https://www.yelp.com/biz/call-your-mother-deli-park-view-washington-2?adjust_creative=47RyEb0sp6jrPw4V0oZejg&utm_campaign=yelp_api_v3&utm_medium=api_v3_business_search&utm_source=47RyEb0sp6jrPw4V0oZejg,https://s3-media0.fl.yelpcdn.com/bphoto/JCl9o3bWYhcDH9hop-TBEg/o.jpg
'_6zoYrrpu0kYSBCia1EfYg,Patisserie Poupon,patisserie poupon,3.8,395,3.5-3.9,50+ reviews,$$,2,Moderate,64.98,No,Independent / Local,High: 200-499 reviews,"Bakeries, French, Coffee & Tea","1645 Wisconsin Ave NW, Washington, DC 20007",1645 Wisconsin Ave NW,"Washington, DC",DC,20007,38.91163254,-77.06522369,(202) 342-3248,https://www.yelp.com/biz/patisserie-poupon-washington?adjust_creative=47RyEb0sp6jrPw4V0oZejg&utm_campaign=yelp_api_v3&utm_medium=api_v3_business_search&utm_source=47RyEb0sp6jrPw4V0oZejg,https://s3-media0.fl.yelpcdn.com/bphoto/tQRRrchHIUHVfXzMg2DHjA/o.jpg
'G62_iggmugDRXJf_i25Hhw,Crumbs & Whiskers - Kitten & Cat Cafe,crumbs and whiskers kitten and cat cafe,4.6,256,4.5-5.0,50+ reviews,Unknown,,Unknown,,No,Chain,High: 200-499 reviews,"Pet Adoption, Themed Cafes, Coffee & Tea","3109 M St NW, Washington, DC 20007",3109 M St NW,"Washington, DC",DC,20007,38.90531528,-77.0615058,(202) 333-2814,https://www.yelp.com/biz/crumbs-and-whiskers-kitten-and-cat-cafe-washington-2?adjust_creative=47RyEb0sp6jrPw4V0oZejg&utm_campaign=yelp_api_v3&utm_medium=api_v3_business_search&utm_source=47RyEb0sp6jrPw4V0oZejg,https://s3-media0.fl.yelpcdn.com/bphoto/K7F56IoEDShkLGVigWDtxA/o.jpg
'Xaiyx2CTAK2VmI0dVShnLw,Bread Furst,bread furst,3.6,680,3.5-3.9,50+ reviews,$$,2,Moderate,62.88,No,Independent / Local,Very high: 500+ reviews,"Bakeries, Coffee & Tea, Breakfast & Brunch","4434 Connecticut Ave, Washington, DC 20008",4434 Connecticut Ave,"Washington, DC",DC,20008,38.947456,-77.065943,(202) 765-1200,https://www.yelp.com/biz/bread-furst-washington?adjust_creative=47RyEb0sp6jrPw4V0oZejg&utm_campaign=yelp_api_v3&utm_medium=api_v3_business_search&utm_source=47RyEb0sp6jrPw4V0oZejg,https://s3-media0.fl.yelpcdn.com/bphoto/-vn1cvuyUqlbhrYonn6txQ/o.jpg
'EQWAXG2pDvueNohw6DNlUg,Corner Bakery Cafe,corner bakery cafe,2.9,235,Below 3.5,50+ reviews,$$,2,Moderate,49.52,No,Chain,High: 200-499 reviews,"Bakeries, Coffee & Tea, Bakeries, Coffee & Tea","500 N Capitol St NW, Washington, DC 20001",500 N Capitol St NW,"Washington, DC",DC,20001,38.89644835,-77.00934918,(202) 788-0866,https://www.yelp.com/biz/corner-bakery-cafe-washington-18?adjust_creative=47RyEb0sp6jrPw4V0oZejg&utm_campaign=yelp_api_v3&utm_medium=api_v3_business_search&utm_source=47RyEb0sp6jrPw4V0oZejg,https://s3-media0.fl.yelpcdn.com/bphoto/AqfHj5XGQmrZdFjI-XHoUg/o.jpg
'i3455e8UeKr5GwEzYPJvIA,Solid State Books,solid state books,4.7,81,4.5-5.0,50+ reviews,$$,2,Moderate,76.17,Yes,Independent / Local,Medium: 50-199 reviews,"Bookstores, Coffee & Tea, Bars","600 H St NE, Washington, DC 20002",600 H St NE,"Washington, DC",DC,20002,38.90033659,-76.9967971,(202) 897-4201,https://www.yelp.com/biz/solid-state-books-washington?adjust_creative=47RyEb0sp6jrPw4V0oZejg&utm_campaign=yelp_api_v3&utm_medium=api_v3_business_search&utm_source=47RyEb0sp6jrPw4V0oZejg,https://s3-media0.fl.yelpcdn.com/bphoto/hpEwre_2meX3WpgFNFxk3A/o.jpg
'hi3ksPcUL1OFVkuIpz5FxA,Dorpare Tea,dorpare tea,5,1,4.5-5.0,Under 50 reviews,Unknown,,Unknown,,No,Independent / Local,Low: under 50 reviews,Coffee & Tea,"1369 New York Ave NE, Washington, DC 20002",1369 New York Ave NE,"Washington, DC",DC,20002,38.91520309,-76.98524475,,https://www.yelp.com/biz/dorpare-tea-washington?adjust_creative=47RyEb0sp6jrPw4V0oZejg&utm_campaign=yelp_api_v3&utm_medium=api_v3_business_search&utm_source=47RyEb0sp6jrPw4V0oZejg,https://s3-media0.fl.yelpcdn.com/bphoto/-gnfbxfdeDBfcrAVuTEhWw/o.jpg
'T2SX98qbmIX8hcxanX1lKA,Ididos Coffee & Social,ididos coffee and social,5,30,4.5-5.0,Under 50 reviews,$$,2,Moderate,78.99,Yes,Independent / Local,Low: under 50 reviews,Coffee & Tea,"201 Kennedy St NW, Unit C1, Washington, DC 20011",201 Kennedy St NW,"Washington, DC",DC,20011,38.95682,-77.01383,(202) 878-8827,https://www.yelp.com/biz/ididos-coffee-and-social-washington?adjust_creative=47RyEb0sp6jrPw4V0oZejg&utm_campaign=yelp_api_v3&utm_medium=api_v3_business_search&utm_source=47RyEb0sp6jrPw4V0oZejg,https://s3-media0.fl.yelpcdn.com/bphoto/cxrBpJdqZVNI9La7Tp6gLw/o.jpg
'EwIhDv1vSyYhx2d5tyYjuQ,maman,maman,4,305,4.0-4.4,50+ reviews,$$,2,Moderate,67.65,No,Chain,High: 200-499 reviews,"Bakeries, Coffee & Tea, Breakfast & Brunch","1353 Wisconsin Ave NW, Washington, DC 20007",1353 Wisconsin Ave NW,"Washington, DC",DC,20007,38.90806199,-77.06343909,(202) 506-3372,https://www.yelp.com/biz/maman-washington?adjust_creative=47RyEb0sp6jrPw4V0oZejg&utm_campaign=yelp_api_v3&utm_medium=api_v3_business_search&utm_source=47RyEb0sp6jrPw4V0oZejg,https://s3-media0.fl.yelpcdn.com/bphoto/U_8x-osBd65QaJiO0SuYSg/o.jpg
'V4GyQTWNgIJSAGFKUn_0CA,Colada Shop,colada shop,4,95,4.0-4.4,50+ reviews,$$,2,Moderate,65.29,No,Chain,Medium: 50-199 reviews,"Coffee & Tea, Cocktail Bars, Sandwiches","1900 N St NW, Washington, DC 20036",1900 N St NW,"Washington, DC",DC,20036,38.907064,-77.043662,(202) 773-2016,https://www.yelp.com/biz/colada-shop-washington-7?adjust_creative=47RyEb0sp6jrPw4V0oZejg&utm_campaign=yelp_api_v3&utm_medium=api_v3_business_search&utm_source=47RyEb0sp6jrPw4V0oZejg,https://s3-media0.fl.yelpcdn.com/bphoto/_DPJ5qiRMomERVST4Fa0kQ/o.jpg
'Vlt48XJtrvyiAfvgHdS6CA,Compass Coffee,compass coffee,3.2,11,Below 3.5,Under 50 reviews,Unknown,,Unknown,,No,Chain,Low: under 50 reviews,Coffee & Tea,"1301 K St NW, Washington, DC 20005",1301 K St NW,"Washington, DC",DC,20005,38.90292,-77.03055,(202) 838-3193,https://www.yelp.com/biz/compass-coffee-washington-18?adjust_creative=47RyEb0sp6jrPw4V0oZejg&utm_campaign=yelp_api_v3&utm_medium=api_v3_business_search&utm_source=47RyEb0sp6jrPw4V0oZejg,https://s3-media0.fl.yelpcdn.com/bphoto/GscuUryRXY8roE1js9-Tfw/o.jpg
'HlPtKrLkxtZ8zmH69E2uNQ,Round Cafe,round cafe,5,7,4.5-5.0,Under 50 reviews,Unknown,,Unknown,,No,Independent / Local,Low: under 50 reviews,"Coffee & Tea, Bakeries","250 K St NE, Washington, DC 20002",250 K St NE,"Washington, DC",DC,20002,38.903018,-77.002432,,https://www.yelp.com/biz/round-cafe-washington?adjust_creative=47RyEb0sp6jrPw4V0oZejg&utm_campaign=yelp_api_v3&utm_medium=api_v3_business_search&utm_source=47RyEb0sp6jrPw4V0oZejg,https://s3-media0.fl.yelpcdn.com/bphoto/1e3PqQuSq0vAoHubiOPNDA/o.jpg
'CLypDUDCilrEZcRTOTGoZA,Tango Pastry,tango pastry,4.3,21,4.0-4.4,Under 50 reviews,$$,2,Moderate,67.09,No,Independent / Local,Low: under 50 reviews,"Bakeries, Coffee & Tea, Desserts","408 H St NE, Washington, DC 20002",408 H St NE,"Washington, DC",DC,20002,38.90036405,-77.00006129,(571) 478-1972,https://www.yelp.com/biz/tango-pastry-washington-2?adjust_creative=47RyEb0sp6jrPw4V0oZejg&utm_campaign=yelp_api_v3&utm_medium=api_v3_business_search&utm_source=47RyEb0sp6jrPw4V0oZejg,https://s3-media0.fl.yelpcdn.com/bphoto/RuVU9YihgE0df5BGOhFl7g/o.jpg
'FZYTUBE1syQMv1BS-cG8-g,Soricha Tea & Theater,soricha tea and theater,4.6,532,4.5-5.0,50+ reviews,$$,2,Moderate,78.38,No,Independent / Local,Very high: 500+ reviews,Coffee & Tea,"7112 Columbia Pike, Annandale, VA 22003",7112 Columbia Pike,Annandale,VA,22003,38.83303002,-77.19143658,(703) 642-0020,https://www.yelp.com/biz/soricha-tea-and-theater-annandale-2?adjust_creative=47RyEb0sp6jrPw4V0oZejg&utm_campaign=yelp_api_v3&utm_medium=api_v3_business_search&utm_source=47RyEb0sp6jrPw4V0oZejg,https://s3-media0.fl.yelpcdn.com/bphoto/BQ94DjppsZnZcZ2Lz_UZng/o.jpg
'31spgH5Y39pnxvO1FMwMnQ,Capital One Café,capital one cafe,3.9,107,3.5-3.9,50+ reviews,$$,2,Moderate,63.93,No,Chain,Medium: 50-199 reviews,"Coffee & Tea, Banks & Credit Unions","732 7th St NW, Washington, DC 20001",732 7th St NW,"Washington, DC",DC,20001,38.89952,-77.02215,(202) 313-7005,https://www.yelp.com/biz/capital-one-caf%C3%A9-washington?adjust_creative=47RyEb0sp6jrPw4V0oZejg&utm_campaign=yelp_api_v3&utm_medium=api_v3_business_search&utm_source=47RyEb0sp6jrPw4V0oZejg,https://s3-media0.fl.yelpcdn.com/bphoto/c20YNHcQVn0A2GT40PZkFg/o.jpg
'hw5ZsyATyF0Vd7xy6WqzQw,Union Kitchen,union kitchen,4.1,129,4.0-4.4,50+ reviews,$$,2,Moderate,67.51,No,Chain,Medium: 50-199 reviews,"Sandwiches, Convenience Stores, Coffee & Tea","538 3rd St NE, Washington, DC 20002",538 3rd St NE,"Washington, DC",DC,20002,38.89717,-77.00231,(202) 792-7850,https://www.yelp.com/biz/union-kitchen-washington-6?adjust_creative=47RyEb0sp6jrPw4V0oZejg&utm_campaign=yelp_api_v3&utm_medium=api_v3_business_search&utm_source=47RyEb0sp6jrPw4V0oZejg,https://s3-media0.fl.yelpcdn.com/bphoto/doxMNxpw2JDroQf8X5PtsQ/o.jpg
'sZfXa9GR8Y7BH4SqEkOKug,maman,maman,4.6,20,4.5-5.0,Under 50 reviews,Unknown,,Unknown,,Yes,Chain,Low: under 50 reviews,"Bakeries, Coffee & Tea, Breakfast & Brunch","2000 Pennsylvania Ave NW, Washington, DC 20006",2000 Pennsylvania Ave NW,"Washington, DC",DC,20006,38.90029988,-77.0450545,(202) 516-4872,https://www.yelp.com/biz/maman-washington-8?adjust_creative=47RyEb0sp6jrPw4V0oZejg&utm_campaign=yelp_api_v3&utm_medium=api_v3_business_search&utm_source=47RyEb0sp6jrPw4V0oZejg,https://s3-media0.fl.yelpcdn.com/bphoto/bAlYbxg84tdhlMnpxnreMg/o.jpg
'wEImqYxpOdfwCgVnqgS3_w,Slipstream,slipstream,5,1,4.5-5.0,Under 50 reviews,Unknown,,Unknown,,No,Chain,Low: under 50 reviews,"Coffee & Tea, Coffee Roasteries, Breakfast & Brunch","1899 Pennsylvania Ave NW, Washington, DC 20006",1899 Pennsylvania Ave NW,"Washington, DC",DC,20006,38.90037149,-77.04315359,,https://www.yelp.com/biz/slipstream-washington-9?adjust_creative=47RyEb0sp6jrPw4V0oZejg&utm_campaign=yelp_api_v3&utm_medium=api_v3_business_search&utm_source=47RyEb0sp6jrPw4V0oZejg,https://s3-media0.fl.yelpcdn.com/bphoto/0ORked5Jt2UU1q6ZZajPwQ/o.jpg
'xsIL3WR0MDq_76pA4xaHuA,Italian Bar,italian bar,4.3,28,4.0-4.4,Under 50 reviews,Unknown,,Unknown,,No,Independent / Local,Low: under 50 reviews,"Coffee & Tea, Gelato, Cafes","5008 Connecticut Ave NW, Ste B, Washington, DC 20008",5008 Connecticut Ave NW,"Washington, DC",DC,20008,38.95507614,-77.07014,,https://www.yelp.com/biz/italian-bar-washington-2?adjust_creative=47RyEb0sp6jrPw4V0oZejg&utm_campaign=yelp_api_v3&utm_medium=api_v3_business_search&utm_source=47RyEb0sp6jrPw4V0oZejg,https://s3-media0.fl.yelpcdn.com/bphoto/QvOKIouNkElEXKRsEMWGaA/o.jpg
'INOTBBvvXbkqrm5Dmona9A,Fresh Baguette,fresh baguette,3.9,54,3.5-3.9,50+ reviews,Unknown,,Unknown,,No,Chain,Medium: 50-199 reviews,"Coffee & Tea, Bakeries, Sandwiches","575 7th St NW, Washington, DC 20004",575 7th St NW,"Washington, DC",DC,20004,38.8966772,-77.021677,(888) 648-0009,https://www.yelp.com/biz/fresh-baguette-washington-4?adjust_creative=47RyEb0sp6jrPw4V0oZejg&utm_campaign=yelp_api_v3&utm_medium=api_v3_business_search&utm_source=47RyEb0sp6jrPw4V0oZejg,https://s3-media0.fl.yelpcdn.com/bphoto/petxcNNbpTaAWiz_s98cqA/o.jpg
'cBglUm7txTsnsAPTpSTJAQ,IL Creations,il creations,4.3,8,4.0-4.4,Under 50 reviews,$,1,Budget,73.27,No,Independent / Local,Low: under 50 reviews,"Coffee & Tea, Health Markets","1400 Independence Ave SW, Washington, DC 20250",1400 Independence Ave SW,"Washington, DC",DC,20250,38.88717065,-77.03125909,(301) 468-3902,https://www.yelp.com/biz/il-creations-washington?adjust_creative=47RyEb0sp6jrPw4V0oZejg&utm_campaign=yelp_api_v3&utm_medium=api_v3_business_search&utm_source=47RyEb0sp6jrPw4V0oZejg,https://s3-media0.fl.yelpcdn.com/bphoto/qfcJhsSrKvV8lFEfFp2dAA/o.jpg
'pnzTul5f-dhJqeH5nrUxCQ,Brew On U,brew on u,4.1,15,4.0-4.4,Under 50 reviews,Unknown,,Unknown,,No,Independent / Local,Low: under 50 reviews,"Coffee & Tea, Desserts, Empanadas","1931 13th St NW, Washington, DC 20009",1931 13th St NW,"Washington, DC",DC,20009,38.91662414,-77.0293288,(202) 892-1122,https://www.yelp.com/biz/brew-on-u-washington?adjust_creative=47RyEb0sp6jrPw4V0oZejg&utm_campaign=yelp_api_v3&utm_medium=api_v3_business_search&utm_source=47RyEb0sp6jrPw4V0oZejg,https://s3-media0.fl.yelpcdn.com/bphoto/V-A4egwwwAdoAxHaWTVNRg/o.jpg
'1mMNfdwIpFddUrr-W7VpHA,Tatte Bakery & Cafe | 14th St,tatte bakery and cafe 14th st,3.5,37,3.5-3.9,Under 50 reviews,Unknown,,Unknown,,No,Chain,Low: under 50 reviews,"Bakeries, Coffee & Tea, Breakfast & Brunch","1400 W St NW, Washington, DC 20009",1400 W St NW,"Washington, DC",DC,20009,38.919,-77.03248,(202) 597-5418,https://www.yelp.com/biz/tatte-bakery-and-cafe-washington-10?adjust_creative=47RyEb0sp6jrPw4V0oZejg&utm_campaign=yelp_api_v3&utm_medium=api_v3_business_search&utm_source=47RyEb0sp6jrPw4V0oZejg,https://s3-media0.fl.yelpcdn.com/bphoto/2dAQYMOOTpV_gjezLW_r6Q/o.jpg
'X_uV_V1SwuI5vEa9rwfBBg,Dupont Coffee Collective,dupont coffee collective,4.2,35,4.0-4.4,Under 50 reviews,Unknown,,Unknown,,No,Independent / Local,Low: under 50 reviews,Coffee & Tea,"1909 Q St NW, Washington, DC 20009",1909 Q St NW,"Washington, DC",DC,20009,38.91127667,-77.0437734,,https://www.yelp.com/biz/dupont-coffee-collective-washington?adjust_creative=47RyEb0sp6jrPw4V0oZejg&utm_campaign=yelp_api_v3&utm_medium=api_v3_business_search&utm_source=47RyEb0sp6jrPw4V0oZejg,https://s3-media0.fl.yelpcdn.com/bphoto/nJhsPQVFXcObRcCo3ZzDmw/o.jpg
'Xim_ZO4YjoFb2_3VLsyBcQ,Lot 38 Espresso Bar,lot 38 espresso bar,4.5,328,4.5-5.0,50+ reviews,$,1,Budget,83.8,No,Independent / Local,High: 200-499 reviews,"Coffee & Tea, Breakfast & Brunch, Sandwiches","1001 2nd St SE, Washington, DC 20003",1001 2nd St SE,"Washington, DC",DC,20003,38.87768298,-77.00366735,(202) 758-0677,https://www.yelp.com/biz/lot-38-espresso-bar-washington?adjust_creative=47RyEb0sp6jrPw4V0oZejg&utm_campaign=yelp_api_v3&utm_medium=api_v3_business_search&utm_source=47RyEb0sp6jrPw4V0oZejg,https://s3-media0.fl.yelpcdn.com/bphoto/js69SuY-PmmueAiBfLQXYA/o.jpg
'TK_KnIqw2M5850mtNAnpgw,The Coffee Shop,the coffee shop,5,1,4.5-5.0,Under 50 reviews,Unknown,,Unknown,,No,Independent / Local,Low: under 50 reviews,Coffee & Tea,"50 Constitution Ave NE, Washington, DC 20002",50 Constitution Ave NE,"Washington, DC",DC,20002,38.892261,-77.005402,(202) 224-9213,https://www.yelp.com/biz/the-coffee-shop-washington?adjust_creative=47RyEb0sp6jrPw4V0oZejg&utm_campaign=yelp_api_v3&utm_medium=api_v3_business_search&utm_source=47RyEb0sp6jrPw4V0oZejg,https://s3-media0.fl.yelpcdn.com/bphoto/fSJGmNG2V1CitkFfd2niGQ/o.jpg
'lDjyLBUx2-zc6ioCiay4EQ,Le Bon Cafe,le bon cafe,3.7,258,3.5-3.9,50+ reviews,$$,2,Moderate,62.51,No,Independent / Local,High: 200-499 reviews,"Coffee & Tea, Breakfast & Brunch, Cafes","210 2nd St SE, Washington, DC 20003",210 2nd St SE,"Washington, DC",DC,20003,38.8872604,-77.0033569,(202) 547-7200,https://www.yelp.com/biz/le-bon-cafe-washington-3?adjust_creative=47RyEb0sp6jrPw4V0oZejg&utm_campaign=yelp_api_v3&utm_medium=api_v3_business_search&utm_source=47RyEb0sp6jrPw4V0oZejg,https://s3-media0.fl.yelpcdn.com/bphoto/MVL54v2LJMYTdAnx0-Lxbg/o.jpg
'D8MPRmp2oAOZiAs8OWevBg,Mount Desert Island Ice Cream,mount desert island ice cream,4.5,210,4.5-5.0,50+ reviews,$$,2,Moderate,74.89,No,Independent / Local,High: 200-499 reviews,"Coffee & Tea, Ice Cream & Frozen Yogurt, Desserts","3110 Mt Pleasant St NW, Washington, DC 20010",3110 Mt Pleasant St NW,"Washington, DC",DC,20010,38.9291879,-77.0377248,(240) 804-7038,https://www.yelp.com/biz/mount-desert-island-ice-cream-washington?adjust_creative=47RyEb0sp6jrPw4V0oZejg&utm_campaign=yelp_api_v3&utm_medium=api_v3_business_search&utm_source=47RyEb0sp6jrPw4V0oZejg,https://s3-media0.fl.yelpcdn.com/bphoto/yqh6pYu8DV4T7lENHf886w/o.jpg
'Onk12RWEuUkY08a59PPr9A,Compass Coffee,compass coffee,4,76,4.0-4.4,50+ reviews,$,1,Budget,72.84,No,Chain,Medium: 50-199 reviews,"Coffee & Tea, Cafes, Internet Cafes","4850 Massachusetts Ave NW, Washington, DC 20016",4850 Massachusetts Ave NW,"Washington, DC",DC,20016,38.9447,-77.09598,,https://www.yelp.com/biz/compass-coffee-washington-13?adjust_creative=47RyEb0sp6jrPw4V0oZejg&utm_campaign=yelp_api_v3&utm_medium=api_v3_business_search&utm_source=47RyEb0sp6jrPw4V0oZejg,https://s3-media0.fl.yelpcdn.com/bphoto/p4VdnwCLGn9HUDbd4EczZw/o.jpg
'W4IqD7ngnpBMCz3pmySTiw,The Board and Brew,the board and brew,4.1,485,4.0-4.4,50+ reviews,$$,2,Moderate,70.19,No,Independent / Local,High: 200-499 reviews,"Coffee & Tea, Breakfast & Brunch, Tabletop Games","8150 Baltimore Ave, College Park, MD 20740",8150 Baltimore Ave,College Park,MD,20740,38.9915608,-76.9344214,(240) 542-4613,https://www.yelp.com/biz/the-board-and-brew-college-park-4?adjust_creative=47RyEb0sp6jrPw4V0oZejg&utm_campaign=yelp_api_v3&utm_medium=api_v3_business_search&utm_source=47RyEb0sp6jrPw4V0oZejg,https://s3-media0.fl.yelpcdn.com/bphoto/N9XZ599wpT5aDOv0WSrOsg/o.jpg
'uHlFdqn5wAlxEd_EoaPfkQ,DUA DC Coffee at NASA HQ,dua dc coffee at nasa hq,5,1,4.5-5.0,Under 50 reviews,Unknown,,Unknown,,No,Chain,Low: under 50 reviews,Coffee & Tea,"923 15th St NW, Washington, DC 20005",923 15th St NW,"Washington, DC",DC,20005,38.90210081,-77.03323816,,https://www.yelp.com/biz/dua-dc-coffee-at-nasa-hq-washington-2?adjust_creative=47RyEb0sp6jrPw4V0oZejg&utm_campaign=yelp_api_v3&utm_medium=api_v3_business_search&utm_source=47RyEb0sp6jrPw4V0oZejg,https://s3-media0.fl.yelpcdn.com/bphoto/bCHr2vwveauarHt6QOOz1A/o.jpg
'KUo-lJo5bU8ToIjGbUB9pg,Heat Da Spot,heat da spot,4.8,533,4.5-5.0,50+ reviews,$$,2,Moderate,81.58,No,Independent / Local,Very high: 500+ reviews,"Coffee & Tea, Breakfast & Brunch, Ethiopian, Coffee & Tea, Breakfast & Brunch, Ethiopian","3213 Georgia Ave NW, Washington, DC 20010",3213 Georgia Ave NW,"Washington, DC",DC,20010,38.9304254,-77.0232633,(202) 836-4719,https://www.yelp.com/biz/heat-da-spot-washington?adjust_creative=47RyEb0sp6jrPw4V0oZejg&utm_campaign=yelp_api_v3&utm_medium=api_v3_business_search&utm_source=47RyEb0sp6jrPw4V0oZejg,https://s3-media0.fl.yelpcdn.com/bphoto/2HKLWJN-N2GeD--Aw2KeKQ/o.jpg
'_cO9o8om4B2kfTrregwYug,Milk + Honey Café,milk honey cafe,2.9,11,Below 3.5,Under 50 reviews,Unknown,,Unknown,,No,Independent / Local,Low: under 50 reviews,"Coffee & Tea, Bakeries, Sandwiches","400 4th St SW, Mezzanine Level-1M, Washington, DC 20472",400 4th St SW,"Washington, DC",DC,20472,38.8847507,-77.0174558,,https://www.yelp.com/biz/milk-honey-caf%C3%A9-washington?adjust_creative=47RyEb0sp6jrPw4V0oZejg&utm_campaign=yelp_api_v3&utm_medium=api_v3_business_search&utm_source=47RyEb0sp6jrPw4V0oZejg,https://s3-media0.fl.yelpcdn.com/bphoto/4uqrEtguXOOOrnSXjjTqVA/o.jpg
'6johS-EZa1gx2W0uWpy3Tg,DC-Donuts,dc donuts,4.4,85,4.0-4.4,50+ reviews,$,1,Budget,79.47,No,Independent / Local,Medium: 50-199 reviews,"Donuts, Coffee & Tea, Food Stands","225 7th St SE, Washington, DC 20003",225 7th St SE,"Washington, DC",DC,20003,38.88642,-76.99647,,https://www.yelp.com/biz/dc-donuts-washington-2?adjust_creative=47RyEb0sp6jrPw4V0oZejg&utm_campaign=yelp_api_v3&utm_medium=api_v3_business_search&utm_source=47RyEb0sp6jrPw4V0oZejg,https://s3-media0.fl.yelpcdn.com/bphoto/ThBaThvUcCdW5jUBHvYUTw/o.jpg
'E7IcxHhZDMN21ooRvvtUVQ,Cafecito,cafecito,4.9,14,4.5-5.0,Under 50 reviews,Unknown,,Unknown,,No,Independent / Local,Low: under 50 reviews,"Mexican, Coffee & Tea, Breakfast & Brunch","1924 N Uhle St, Arlington, VA 22201",1924 N Uhle St,Arlington,VA,22201,38.89651057,-77.08569487,(703) 566-7491,https://www.yelp.com/biz/cafecito-arlington-2?adjust_creative=47RyEb0sp6jrPw4V0oZejg&utm_campaign=yelp_api_v3&utm_medium=api_v3_business_search&utm_source=47RyEb0sp6jrPw4V0oZejg,https://s3-media0.fl.yelpcdn.com/bphoto/fLpdBqi6P2d98Swym3GOqw/o.jpg
'GZspLuy4gRePN8yKbVKv8w,JOE & THE JUICE,joe and the juice,3.3,248,Below 3.5,50+ reviews,$$,2,Moderate,56.03,No,Chain,High: 200-499 reviews,"Juice Bars & Smoothies, Coffee & Tea, Cafes","1500 K St NW, Washington, DC 20005",1500 K St NW,"Washington, DC",DC,20005,38.902268,-77.034726,,https://www.yelp.com/biz/joe-and-the-juice-washington?adjust_creative=47RyEb0sp6jrPw4V0oZejg&utm_campaign=yelp_api_v3&utm_medium=api_v3_business_search&utm_source=47RyEb0sp6jrPw4V0oZejg,https://s3-media0.fl.yelpcdn.com/bphoto/EADTfo65VePU2KTWJbEtHQ/o.jpg
'16LSbC8W-lM9ljs88Lti_A,Café Georgetown,cafe georgetown,4,381,4.0-4.4,50+ reviews,$$,2,Moderate,68.1,No,Independent / Local,High: 200-499 reviews,"Coffee & Tea, Wine Bars, Bakeries","3141 N St NW, Washington, DC 20007",3141 N St NW,"Washington, DC",DC,20007,38.90693281,-77.06267279,(202) 731-8373,https://www.yelp.com/biz/caf%C3%A9-georgetown-washington-5?adjust_creative=47RyEb0sp6jrPw4V0oZejg&utm_campaign=yelp_api_v3&utm_medium=api_v3_business_search&utm_source=47RyEb0sp6jrPw4V0oZejg,https://s3-media0.fl.yelpcdn.com/bphoto/Ezgt33q2f1IHK56Y1myI8w/o.jpg
'srHeIOsLgs9wWtm7lAY4nw,Lost River Coffee Company,lost river coffee company,0,0,Below 3.5,Under 50 reviews,Unknown,,Unknown,,No,Independent / Local,Low: under 50 reviews,"Coffee & Tea, Food Trucks","800 Florida Ave NE, Washington, DC 20002",800 Florida Ave NE,"Washington, DC",DC,20002,38.9090131,-76.98900423,,https://www.yelp.com/biz/lost-river-coffee-company-washington?adjust_creative=47RyEb0sp6jrPw4V0oZejg&utm_campaign=yelp_api_v3&utm_medium=api_v3_business_search&utm_source=47RyEb0sp6jrPw4V0oZejg,https://s3-media0.fl.yelpcdn.com/bphoto/nfNtlq5T_5Z_Pd8ibHUKiQ/o.jpg
'7iarOI_KWOJI4ajix30WuQ,Call Your Mother Deli - West End,call your mother deli west end,4.4,351,4.0-4.4,50+ reviews,$$,2,Moderate,74.34,No,Chain,High: 200-499 reviews,"Bagels, Delis, Coffee & Tea","1143 New Hampshire Ave NW, Washington, DC 20037",1143 New Hampshire Ave NW,"Washington, DC",DC,20037,38.9050349,-77.04746294,(202) 773-0871,https://www.yelp.com/biz/call-your-mother-deli-west-end-washington-2?adjust_creative=47RyEb0sp6jrPw4V0oZejg&utm_campaign=yelp_api_v3&utm_medium=api_v3_business_search&utm_source=47RyEb0sp6jrPw4V0oZejg,https://s3-media0.fl.yelpcdn.com/bphoto/c1JwQFZHZPBhGpOyDtsKfg/o.jpg
'Cn_bLGVymaYGw_SMZSvaNg,Bluestone Lane Metro Center Coffee Shop,bluestone lane metro center coffee shop,3.3,48,Below 3.5,Under 50 reviews,Unknown,,Unknown,,No,Chain,Low: under 50 reviews,"Coffee & Tea, Breakfast & Brunch","600 13th St NW, Washington, DC 20005",600 13th St NW,"Washington, DC",DC,20005,38.89810215,-77.029873,(718) 374-6858,https://www.yelp.com/biz/bluestone-lane-metro-center-washington?adjust_creative=47RyEb0sp6jrPw4V0oZejg&utm_campaign=yelp_api_v3&utm_medium=api_v3_business_search&utm_source=47RyEb0sp6jrPw4V0oZejg,https://s3-media0.fl.yelpcdn.com/bphoto/JZLwK5W4Ipr1oYKqQkbCUQ/o.jpg
'jCCFlMX19HYezOEO5gK5LA,Davenport Coffee Lounge,davenport coffee lounge,4,35,4.0-4.4,Under 50 reviews,$,1,Budget,71.29,No,Independent / Local,Low: under 50 reviews,Coffee & Tea,"4400 Massachusetts Ave, SIS Bldg Fl 1, Washington, DC 20016",4400 Massachusetts Ave,"Washington, DC",DC,20016,38.93597729,-77.0883518,(202) 885-1841,https://www.yelp.com/biz/davenport-coffee-lounge-washington?adjust_creative=47RyEb0sp6jrPw4V0oZejg&utm_campaign=yelp_api_v3&utm_medium=api_v3_business_search&utm_source=47RyEb0sp6jrPw4V0oZejg,https://s3-media0.fl.yelpcdn.com/bphoto/SnujC918LCp_rT2sOhLWdg/o.jpg
'u-P3QcT0SsW6X9qeKPaf8w,Compass Coffee,compass coffee,4.1,128,4.0-4.4,50+ reviews,$,1,Budget,75.49,No,Chain,Medium: 50-199 reviews,Coffee & Tea,"849 18th St NW, Washington, DC 20006",849 18th St NW,"Washington, DC",DC,20006,38.90104283,-77.0414289,,https://www.yelp.com/biz/compass-coffee-washington-7?adjust_creative=47RyEb0sp6jrPw4V0oZejg&utm_campaign=yelp_api_v3&utm_medium=api_v3_business_search&utm_source=47RyEb0sp6jrPw4V0oZejg,https://s3-media0.fl.yelpcdn.com/bphoto/cRvzkkFaUlC3HxOMNvqDDg/o.jpg
'RlVQcyODytG0XUvv4fZlXg,"Bayou Bakery, Coffee Bar & Eatery",bayou bakery coffee bar and eatery,3.7,1076,3.5-3.9,50+ reviews,$$,2,Moderate,65.41,No,Independent / Local,Very high: 500+ reviews,"Bakeries, Coffee & Tea, Breakfast & Brunch","1515 N Courthouse Rd, Arlington, VA 22201",1515 N Courthouse Rd,Arlington,VA,22201,38.891077,-77.083687,(703) 243-2410,https://www.yelp.com/biz/bayou-bakery-coffee-bar-and-eatery-arlington?adjust_creative=47RyEb0sp6jrPw4V0oZejg&utm_campaign=yelp_api_v3&utm_medium=api_v3_business_search&utm_source=47RyEb0sp6jrPw4V0oZejg,https://s3-media0.fl.yelpcdn.com/bphoto/EJuOiMh1ONTHbQwY64gskw/o.jpg
'HrE7V7uCvrV2Swj6OYu8tw,Baker’s Daughter,bakers daughter,3.4,82,Below 3.5,50+ reviews,Unknown,,Unknown,,No,Independent / Local,Medium: 50-199 reviews,"Bakeries, Coffee & Tea","1201 K St NW, Washington, DC 20005",1201 K St NW,"Washington, DC",DC,20005,38.90292,-77.02855,(202) 758-0827,https://www.yelp.com/biz/baker-s-daughter-washington-2?adjust_creative=47RyEb0sp6jrPw4V0oZejg&utm_campaign=yelp_api_v3&utm_medium=api_v3_business_search&utm_source=47RyEb0sp6jrPw4V0oZejg,https://s3-media0.fl.yelpcdn.com/bphoto/I1T2V1cR4KCpkuvxCJj4GA/o.jpg
'o6-Lf2yWHXNv62mslRfIOg,Gregorys Coffee,gregorys coffee,3.8,109,3.5-3.9,50+ reviews,$$,2,Moderate,62.37,No,Chain,Medium: 50-199 reviews,"Bakeries, Coffee & Tea","1111 New Jersey Ave SE, Washington, DC 20003",1111 New Jersey Ave SE,"Washington, DC",DC,20003,38.8769884,-77.0044963,(877) 220-2178,https://www.yelp.com/biz/gregorys-coffee-washington-11?adjust_creative=47RyEb0sp6jrPw4V0oZejg&utm_campaign=yelp_api_v3&utm_medium=api_v3_business_search&utm_source=47RyEb0sp6jrPw4V0oZejg,https://s3-media0.fl.yelpcdn.com/bphoto/ooUwuBDPAPTD36MZcon6ug/o.jpg
'C9zC45sW8kl-swji3P9NPQ,Burn & Brew,burn and brew,4.6,36,4.5-5.0,Under 50 reviews,$$,2,Moderate,72.95,Yes,Independent / Local,Low: under 50 reviews,"Tobacco Shops, Coffee & Tea, Head Shops","566 23rd St S, Arlington, VA 22202",566 23rd St S,Arlington,VA,22202,38.8531618,-77.055048,(703) 769-0000,https://www.yelp.com/biz/burn-and-brew-arlington?adjust_creative=47RyEb0sp6jrPw4V0oZejg&utm_campaign=yelp_api_v3&utm_medium=api_v3_business_search&utm_source=47RyEb0sp6jrPw4V0oZejg,https://s3-media0.fl.yelpcdn.com/bphoto/4vY5p5MQPB87C-62TL9EJQ/o.jpg
'0zVbwbV0ZOKf4VOOormV0Q,Commonwealth Joe,commonwealth joe,4.6,516,4.5-5.0,50+ reviews,$,1,Budget,86.32,No,Chain,Very high: 500+ reviews,"Cafes, Coffee & Tea, Coffee Roasteries","520 12th St S, Ste 150, Arlington, VA 22202",520 12th St S,Arlington,VA,22202,38.862669,-77.054934,(855) 248-7688,https://www.yelp.com/biz/commonwealth-joe-arlington-3?adjust_creative=47RyEb0sp6jrPw4V0oZejg&utm_campaign=yelp_api_v3&utm_medium=api_v3_business_search&utm_source=47RyEb0sp6jrPw4V0oZejg,https://s3-media0.fl.yelpcdn.com/bphoto/hIgzwhLJL59gyBDUxWCVRQ/o.jpg
'XBR8rsUduqyU4SPGmEv-eQ,Somewhere,somewhere,4.4,48,4.0-4.4,Under 50 reviews,Unknown,,Unknown,,No,Independent / Local,Low: under 50 reviews,"Men's Clothing, Shoe Stores, Coffee & Tea","1239 1st St SE, Washington, DC 20003",1239 1st St SE,"Washington, DC",DC,20003,38.87561851,-77.006191,(202) 506-3710,https://www.yelp.com/biz/somewhere-washington-2?adjust_creative=47RyEb0sp6jrPw4V0oZejg&utm_campaign=yelp_api_v3&utm_medium=api_v3_business_search&utm_source=47RyEb0sp6jrPw4V0oZejg,https://s3-media0.fl.yelpcdn.com/bphoto/HZ40yZk82sIw9cnvuENeIg/o.jpg
'4JJhOMXh6UIreGXb_pviTA,Daydrift Books & Cafe,daydrift books and cafe,4.6,37,4.5-5.0,Under 50 reviews,Unknown,,Unknown,,Yes,Independent / Local,Low: under 50 reviews,"Cafes, Bookstores, Coffee & Tea","1550 Crystal Dr, Arlington, VA 22202",1550 Crystal Dr,Arlington,VA,22202,38.8593205,-77.0494061,(703) 271-0709,https://www.yelp.com/biz/daydrift-arlington?adjust_creative=47RyEb0sp6jrPw4V0oZejg&utm_campaign=yelp_api_v3&utm_medium=api_v3_business_search&utm_source=47RyEb0sp6jrPw4V0oZejg,https://s3-media0.fl.yelpcdn.com/bphoto/wwhjseeSb3PmvMyH_oUlBw/o.jpg
'VA8aPObRynlwR1TGzbzraQ,Founding Farmers DC,founding farmers dc,4,18494,4.0-4.4,50+ reviews,$$,2,Moderate,76,No,Independent / Local,Very high: 500+ reviews,"American, Coffee & Tea, Breakfast & Brunch","1924 Pennsylvania Ave NW, Washington, DC 20006",1924 Pennsylvania Ave NW,"Washington, DC",DC,20006,38.90029,-77.04442,(202) 822-8783,https://www.yelp.com/biz/founding-farmers-dc-washington-7?adjust_creative=47RyEb0sp6jrPw4V0oZejg&utm_campaign=yelp_api_v3&utm_medium=api_v3_business_search&utm_source=47RyEb0sp6jrPw4V0oZejg,https://s3-media0.fl.yelpcdn.com/bphoto/1qouAY2rCR4zSp_cdBkt3w/o.jpg
'ryEwIoIQHr3R7POEJs8Pzw,Compass Coffee,compass coffee,3.8,11,3.5-3.9,Under 50 reviews,Unknown,,Unknown,,No,Chain,Low: under 50 reviews,"Coffee & Tea, Coffee Roasteries","435 11th St NW, Washington, DC 20004",435 11th St NW,"Washington, DC",DC,20004,38.89597,-77.02681,,https://www.yelp.com/biz/compass-coffee-washington-23?adjust_creative=47RyEb0sp6jrPw4V0oZejg&utm_campaign=yelp_api_v3&utm_medium=api_v3_business_search&utm_source=47RyEb0sp6jrPw4V0oZejg,https://s3-media0.fl.yelpcdn.com/bphoto/cJa7diUiy1AJAoSbJYGYcA/o.jpg
'tKliv9bAvwpqn0wIH8bQcg,Point Chaud Cafe & Crepes,point chaud cafe and crepes,3.7,62,3.5-3.9,50+ reviews,$$,2,Moderate,59.63,No,Independent / Local,Medium: 50-199 reviews,"Creperies, Coffee & Tea","2300 Wisconsin Ave NW, Washington, DC 20007",2300 Wisconsin Ave NW,"Washington, DC",DC,20007,38.920154,-77.071873,(202) 758-2241,https://www.yelp.com/biz/point-chaud-cafe-and-crepes-washington-7?adjust_creative=47RyEb0sp6jrPw4V0oZejg&utm_campaign=yelp_api_v3&utm_medium=api_v3_business_search&utm_source=47RyEb0sp6jrPw4V0oZejg,https://s3-media0.fl.yelpcdn.com/bphoto/Q_bg_1bKMl2vd9SEOxhNKw/o.jpg
'86skzo8oMMMEorEv813nnA,maman,maman,5,2,4.5-5.0,Under 50 reviews,Unknown,,Unknown,,No,Chain,Low: under 50 reviews,"Bakeries, Coffee & Tea, Breakfast & Brunch","1501 K St NW, Washington, DC 20005",1501 K St NW,"Washington, DC",DC,20005,38.902946,-77.035138,(202) 885-9642,https://www.yelp.com/biz/maman-washington-10?adjust_creative=47RyEb0sp6jrPw4V0oZejg&utm_campaign=yelp_api_v3&utm_medium=api_v3_business_search&utm_source=47RyEb0sp6jrPw4V0oZejg,https://s3-media0.fl.yelpcdn.com/bphoto/XDVlmgwd2Y2r8JeJNwvDHw/o.jpg
'4jvh_mDiwfwBl7MecfcMTg,Pret A Manger,pret a manger,4.4,5,4.0-4.4,Under 50 reviews,Unknown,,Unknown,,No,Chain,Low: under 50 reviews,"Sandwiches, Coffee & Tea, Breakfast & Brunch","1155 F St NW, Washington, DC 20004",1155 F St NW,"Washington, DC",DC,20004,38.8977459,-77.02721346,(202) 464-2791,https://www.yelp.com/biz/pret-a-manger-washington-21?adjust_creative=47RyEb0sp6jrPw4V0oZejg&utm_campaign=yelp_api_v3&utm_medium=api_v3_business_search&utm_source=47RyEb0sp6jrPw4V0oZejg,https://s3-media0.fl.yelpcdn.com/bphoto/6wvMKrhuOndG2-fFTsvrPw/o.jpg
